Intercept,ACAN,BGN,CRLF1,FRZB,LTBP2,MFGE8,SOST,THBS2,TNFRSF11B,VCAN
63.65835275613016,8.18144237085562,0.6897755881441436,-0.0,-0.0,7.127773076405225,-4.3416089652845455,9.234482931849554,-10.371963863058756,-0.0,0.0
63.57321448727764,8.237739583054303,0.7450246267715991,-0.0,-0.0,6.8632813869438225,-4.524980263674765,9.61148302507247,-10.476110576714795,-0.0,0.0
63.63598456364183,8.182893977413285,0.690862586304501,-0.0,-0.0,7.224404396060628,-4.4830655659478476,9.194529587808075,-10.456961060793725,-0.0,0.2810338648432371
63.62483945954974,7.99647024005502,0.6849305889908553,-0.0,-0.0,7.13751170202784,-3.9958346658939092,9.187915868586597,-10.369119424287621,-0.0,0.0
63.57682075706396,8.396447791717517,0.6949716373303183,-0.0,-0.0,6.8000910642709025,-4.371548449782495,9.34866633156202,-10.249990403838336,-0.0,0.0
63.5928459495679,8.390788675248348,0.6477500516270457,-0.0,-0.0,7.531094736499985,-4.488512875988908,8.996068801608564,-10.526413563359235,-0.0,0.0
63.658814373451435,8.352075389937877,0.6811057970639032,-0.0,-0.0,7.144482341093403,-4.480423531361666,9.305320478910001,-10.429766720310118,-0.0,0.0
63.62929894859188,8.374738432349911,0.5477769062863489,-0.0,-0.0,7.330514201355448,-4.409124610753167,9.304114288264584,-10.384507549262322,-0.0,0.0
63.691343342696435,8.58396897338125,0.6459101105101889,-0.0,-0.0,6.816452100352273,-4.470580618269896,9.331499035012431,-10.161814995493671,-0.0,0.0
63.68460292504797,8.006620261090543,0.7021988634727642,-0.0,-0.0,6.999100275387445,-4.232367939920426,9.761709309086124,-10.583695977265185,-0.0,0.0
63.64506439107311,8.327935224364191,0.6769916436436014,-0.0,-0.0,7.173764014596149,-4.433076431089842,9.275529138959103,-10.433244795421361,-0.0,0.0
63.709514320672234,8.286667269215926,0.7384398762888797,-0.0,-0.0,7.454842878778162,-4.3812417829207595,9.17622876469851,-10.691558085092822,-0.0,0.0
63.66160523117922,8.408670400286859,0.6636176595558593,-0.0,-0.0,7.012994180408224,-4.463717133007684,9.22592547354101,-10.258132561351257,-0.0,0.0
63.689695301140546,8.3850954594698,0.6890652557460792,-0.0,-0.0,6.991964457830025,-4.291073456644322,9.31205084516687,-10.506027937081308,-0.0,0.12512182294041127
63.634157731785045,8.338419333316544,0.7014325887767886,-0.0,-0.0,7.3084999568019215,-4.37367619980655,9.264778532805229,-10.59325887876686,-0.0,0.0
63.60664471237033,8.374834484212311,0.6837097924677534,-0.0,-0.0,6.996611978736903,-4.433640030698932,9.364372519087288,-10.408071461458958,-0.0,0.0
63.65589285040198,8.318759110512454,0.6663516691323899,-0.0,-0.0,7.0111780810905335,-4.181105404237889,9.266711175196976,-10.416898145132665,-0.0,0.0
63.59049728606589,8.668667370315315,0.6354533137297872,-0.0,-0.0,6.55356748384475,-4.27727793867773,9.517832503992107,-10.19983994990279,-0.0,0.0
63.6331301780388,8.30047278031829,0.6943510250104267,-0.0,-0.0,7.218504665213408,-4.391071686463856,9.281062675482481,-10.50070867689943,-0.0,0.0
63.60559236492881,8.178059100861324,0.6493717761265296,-0.0,-0.0,7.173766456198308,-4.40389447089139,9.469719146453459,-10.629025094581193,-0.0,0.0
63.63717965948946,8.295185274379405,0.6925147490507942,-0.0,-0.0,7.202364144614213,-4.4071624244806635,9.253661720002501,-10.497842012235783,-0.0,0.0
63.62803259614054,8.338278994341863,0.6887217724672596,-0.0,-0.0,7.209966742285628,-4.451013425294237,9.169009593165493,-10.401053025037035,-0.0,0.0
63.585029208716826,8.216241717575354,0.7157438487497456,-0.0,-0.0,6.957906718950195,-4.60332135271515,9.265625621977286,-10.111546005675203,-0.0,0.0
63.67734837299514,7.999266082283048,0.6807346136856607,-0.0,-0.0,7.543247363607482,-4.555816934655817,9.03206756929847,-10.363763152389735,-0.0,0.03740659415652138
63.66745810455641,8.20231993467044,0.6757239143853075,-0.0,-0.0,7.0980041835056795,-4.398620152949516,9.345008075695945,-10.415669291595572,-0.0,0.0
63.605342489791326,8.302420663503225,0.6874935658068204,-0.0,-0.0,6.7698631023184,-4.302967468539073,9.584509345822323,-10.327094136299872,-0.0,0.0
63.66213901816282,8.426985624857442,0.6892592395108272,-0.0,-0.0,7.2186636671201585,-4.476349111031998,9.175551668037635,-10.44486584549862,-0.0,0.0
63.55039842230615,8.967751167989954,0.6376537396260599,-0.0,-0.0,6.607717604041264,-4.559218768629182,9.945876540975814,-10.896726612776417,-0.0,0.0
63.67181597098717,8.348472433435775,0.6820497894644226,-0.0,-0.0,7.038641097485276,-4.293581905195864,9.302277915033129,-10.480265225224057,-0.0,0.0
63.58090186063347,8.533658171214634,0.6958473149754381,-0.0,-0.0,6.928978453494091,-4.582836688367717,9.225666650912734,-10.02592341469897,-0.0,0.0
63.58389091924197,8.263359904559886,0.7149688012066284,-0.0,-0.0,7.462614890407363,-4.2731097481177,9.300209003033363,-10.91196599679667,-0.0,0.3361759695087323
63.64477785331996,8.335079889324568,0.6758531897428024,-0.0,-0.0,7.16830515743963,-4.431867859538527,9.277226923787614,-10.437642217931625,-0.0,0.0
63.68705913836877,8.162578267678663,0.6960886477325281,-0.0,-0.0,7.200033560254804,-4.264004944985195,9.253011173576533,-10.507457565753862,-0.0,0.0
63.61663933224838,7.760649290652347,0.691263941602142,-0.0,-0.0,7.197849078461987,-4.290564906224032,9.44787578542846,-10.472367840944122,-0.0,0.0
63.53386356213663,8.383058943811346,0.5744214327800451,-0.0,-0.0,7.005350414076601,-4.499035312319023,9.106441541818391,-9.995947049220684,-0.0,0.0
63.601618276695824,8.49980392826351,0.6480057470720112,-0.0,-0.0,7.273391353006499,-4.58792233539251,9.037897347830794,-10.320368972131556,-0.0,0.0
63.641640313889475,8.355031250855214,0.7082273185267869,-0.0,-0.0,7.201420462740849,-4.414116698936546,9.137730425144461,-10.512177039242907,-0.0,0.07943630712982103
63.689284507840945,8.418929152056222,0.6343529653265166,-0.0,-0.0,7.26207125457989,-4.487548063601965,9.233087001644455,-10.37753767659482,-0.0,0.0
63.57091439203467,8.182692859317582,0.5620824780710165,-0.0,-0.0,7.096230410636292,-4.197884789724219,9.24186650710202,-10.26128042766337,-0.0,0.0
63.629726955908346,8.336762587498457,0.6532861605669305,-0.0,-0.0,7.283006598320034,-4.4372651425028415,9.259895616637262,-10.458034647156985,-0.0,0.0
63.63638525731608,8.344839447216025,0.6964539996732304,-0.0,-0.0,7.141369453531105,-4.4684504313017595,9.297145704900691,-10.423880083575252,-0.0,0.0
63.58395020830798,8.703873103467767,0.7187093933058892,-0.0,-0.0,6.905600445307246,-4.416108461834991,9.2223222391256,-10.460230716894321,-0.0,0.0
63.6152259633175,8.492452769676033,0.7069780010671715,-0.0,-0.0,6.826821101037048,-4.447573841682868,9.365077134999062,-10.329404437722946,-0.0,0.0
63.628201104364265,8.165120200555853,0.7063314457199141,-0.0,-0.0,7.367787157782016,-4.350497231864819,9.22319722068158,-10.578919169404653,-0.0,0.0
63.65373302247397,8.123776472721968,0.6838637424978757,-0.0,-0.0,7.1818639458583995,-4.347275434309022,9.38720856696773,-10.481778849224565,-0.0,0.0
63.445690398030415,6.109032103595192,0.8392391402342202,0.0,-0.4383774269308645,5.417731848458618,-3.917746809421786,8.292203023661454,-6.790797115462414,-0.0,0.45322670147874305
63.62948698156571,8.364295824407726,0.6783473188743959,-0.0,-0.0,7.267081240690316,-4.475416426289544,9.241904644361925,-10.466733381864026,-0.0,0.0
63.66832345920195,8.236089030955823,0.6964826310062927,-0.0,-0.0,7.177630446459561,-4.365024795116988,9.367982965902286,-10.536945385942571,-0.0,0.0
63.64804786910836,8.153915049549651,0.6700240885097668,-0.0,-0.0,7.621194282633176,-3.9748645805763303,9.200345487797254,-11.037571447768842,-0.0,0.0
63.655615224220774,8.294885240449208,0.6911276771480385,-0.0,-0.0,7.147676442637445,-4.423002412748938,9.282688180581246,-10.42425573635761,-0.0,0.0
63.64409777412898,8.277650739573163,0.6938199507517506,-0.0,-0.0,7.300677429768555,-4.452100313297318,9.121561349309921,-10.426132438212141,-0.0,0.0
63.5926974746707,8.308215265301653,0.6921935715544514,-0.0,-0.0,7.065191964131778,-4.324354722027394,9.233889242035204,-10.420801725834226,-0.0,0.0
63.637842091676085,8.24976572750523,0.6692290073455744,-0.0,-0.0,7.273370672401987,-4.368906963924489,9.32248176351841,-10.574368672168005,-0.0,0.0
63.54576192976178,8.679705302252955,0.6305522295634765,-0.0,-0.0,6.455642687607258,-4.595422909388546,9.323634464499126,-9.935801957244989,-0.0,0.0
63.661415392704164,8.420854744692281,0.6827463110617717,-0.0,-0.0,7.142895678570083,-4.444085131274222,9.210609415553357,-10.437461040185816,-0.0,0.0
63.73252422083391,7.727145655445091,0.8237404140980374,-0.0,-0.0,7.473641922366038,-4.201964057723798,9.142586609399011,-10.874207979486357,-0.0,0.2145114850072453
63.603385371723995,8.606472787038769,0.6521334131278916,-0.0,-0.0,7.20622899734407,-4.520270933275643,9.082033344897795,-10.409288757568344,-0.0,0.07747900893511038
63.55588733126432,8.3589303111949,0.6893803742143012,-0.0,-0.0,6.468077204016519,-4.297041310883509,9.477982923548641,-10.133555313747847,-0.0,0.0
63.60831817332278,8.676333198247745,0.7443535079193654,-0.0,-0.0,7.018385706704197,-4.855776940712149,8.97962511328976,-10.094053027332246,-0.0,0.0
63.63836053815063,8.30105967602118,0.6882341061281129,-0.0,-0.0,7.220515998294654,-4.43395011455656,9.259037948916237,-10.486154734066169,-0.0,0.0
63.71341436084751,8.996777167719003,0.6164850619828922,-0.0,-0.0,7.2166578991475605,-4.4718755997153865,8.974206055867695,-10.485763919867123,-0.0,0.0
63.61460284425766,8.427438609124405,0.6629978386604566,-0.0,-0.0,7.028128030454658,-4.548279144963592,9.416287117463677,-10.419234268400416,-0.0,0.0
63.6599113976515,8.303550399066605,0.6408232027630567,-0.0,-0.0,7.114811313747336,-4.424370465380224,9.275586633614427,-10.303545663838019,-0.0,0.0
63.68075721660609,8.248314184853717,0.6545964601497316,-0.0,-0.0,7.418456997054998,-4.490426117188237,9.173306689024038,-10.369571597154307,-0.0,0.0
63.66888823793761,8.434375663780706,0.7100335251342699,-0.0,-0.0,7.208794119883304,-4.379202430108144,9.211505913635948,-10.54638241703842,-0.0,0.0
63.5662445221861,8.030753359996647,0.6893266159029996,-0.0,-0.0,7.291463566035562,-4.770965065210434,9.176417635386514,-10.066745408566447,-0.0,0.0
63.629904610627484,8.307019065298826,0.677648770187801,-0.0,-0.0,7.029086084823159,-4.366922511228374,9.352322630030358,-10.374218229041803,-0.0,0.0
63.680652327153005,8.457528779756492,0.6467805801329061,-0.0,-0.0,7.096969137579153,-4.451722206289518,9.357177667473001,-10.537670091463866,-0.0,0.0
63.70941021787637,8.102271189064629,0.6592213953323951,-0.0,-0.0,7.7790872255777535,-4.4391918641545285,9.229924700680973,-10.741382755220688,-0.0,0.0
63.71063528063455,7.525550544333196,0.5513033908737474,-0.0,-0.0,7.7343157302645995,-4.427044507376532,9.18452144065174,-10.33820917270894,-0.0,0.0
63.65046311425941,8.32448572791528,0.6759916821209968,-0.0,-0.0,7.1697802326405045,-4.439212112243353,9.308542682235915,-10.450324598350777,-0.0,0.0
63.59919353110472,8.171550642649049,0.7820839311938858,-0.0,-0.0,7.167246742862476,-4.376566535044013,9.23703067856552,-10.478176289705566,-0.0,0.0
63.6910603546222,8.271931026497501,0.6280015420699753,-0.0,-0.0,7.327811608438114,-4.403333817326655,9.343229032632024,-10.544750616036787,-0.0,0.0
63.6728545675774,8.31493961926516,0.6625209581849206,-0.0,-0.0,7.170929754471174,-4.344759392369318,9.300206793998317,-10.495666044199387,-0.0,0.0
63.659639134855986,8.363300262684083,0.6908183662152645,-0.0,-0.0,7.573071736232359,-4.761850819778505,8.66786807512945,-10.087275644605407,-0.0,0.006079533270911854
63.61101033468991,8.336284270221023,0.6947235664871398,-0.0,-0.0,7.189647264070007,-4.437754652254742,9.200058356943295,-10.394269172290972,-0.0,0.0
63.72053137587799,8.078388692162873,0.7668409622256709,-0.0,-0.0,7.512254564729323,-4.545056408698593,9.587346258830308,-10.740872248093465,-0.0,0.0
63.60105405113595,8.285878179301296,0.7064764866198392,-0.0,-0.0,7.096034835244899,-4.388121992171225,9.40719730470413,-10.571542701012381,-0.0,0.0
63.65904497350687,8.280758274774993,0.6789926866321403,-0.0,-0.0,7.231385164447623,-4.448966392509553,9.329568544696714,-10.505322485985099,-0.0,0.0
63.64158798552599,8.284987985768378,0.6831397101662915,-0.0,-0.0,7.19447821161446,-4.369563375464631,9.316178395537626,-10.500468664720879,-0.0,0.0
63.60562072309512,8.270693941992077,0.690242980361173,-0.0,-0.0,7.198264536738467,-4.597326590407444,9.35709156426971,-10.358455825007013,-0.0,0.0
63.59381017333468,8.380080882507665,0.6220268292510793,-0.0,-0.0,7.13131096653524,-4.4601754411707155,9.479678519761908,-10.35681903797927,-0.0,0.0
63.60322065387501,8.153651361234349,0.7103134554602273,-0.0,-0.0,7.286575356191686,-4.336320166832468,9.277043295291762,-10.701516195874442,-0.0,0.0
63.859766407899635,7.899231927260227,0.8692483178062503,-0.0,-0.13448965406506416,8.285840194343736,-4.09974689133867,9.152731345875765,-11.055313952534192,-0.0,0.0
63.62894280331847,8.339323599023027,0.6371803938254497,-0.0,-0.0,7.095980292457546,-4.303213162343863,9.387809445246672,-10.415552829163312,-0.0,0.0
63.63988142359561,8.396621726559108,0.6820824884463074,-0.0,-0.0,7.156412284388294,-4.444934722751732,9.280987915840393,-10.468927142989482,-0.0,0.0
63.4428169797992,6.0363946750433675,0.8155099687961034,0.0,-0.5792138582564069,5.400224468267248,-4.161600278090992,8.455833533473433,-6.658856476555751,-0.0,0.4113255284867339
63.72306833852657,8.230047756623781,0.5983568251718374,-0.0,-0.0,7.4547159917093655,-4.135622839266973,9.334764796444624,-10.871582738311686,-0.0,0.0
63.60062925360503,8.240906036464208,0.5782385456289804,-0.0,-0.0,7.18877365625273,-4.419099651414113,9.315091640598995,-10.368160445445964,-0.0,0.21216785554928944
63.60582493261171,7.9458191912192095,0.6995205726325852,-0.0,-0.0,7.315945230271324,-4.4959971878828595,9.148030835289601,-10.242363660998228,-0.0,0.0
63.56373249244008,8.195104306092263,0.7822395707304081,-0.0,-0.0,6.7735218931863415,-4.233470290035166,9.59155214732012,-10.682867699191616,-0.0,0.0
63.608817827352766,7.968907056005801,0.7238295406178874,-0.0,-0.0,7.257609214164994,-4.4268550452649675,9.32848540325857,-10.387575470080227,-0.0,0.0
63.58379247209077,8.240848619646494,0.7119150104265587,-0.0,-0.0,7.070410464123757,-4.5374991855713205,9.334182739848686,-10.296669998576494,-0.0,0.0
63.65898952255124,8.337988376538188,0.6689381476663604,-0.0,-0.0,7.2032390352142475,-4.43070633371095,9.292463888633476,-10.449788990113296,-0.0,0.0
63.65543408466146,8.329606578326661,0.6716487275462797,-0.0,-0.0,7.234181428357887,-4.449605766971651,9.272619490548534,-10.448488382529737,-0.0,0.0
63.68671252358786,8.42111928809933,0.670781445435892,-0.0,-0.0,7.356890930646606,-4.47923793622638,9.17194614944324,-10.542301384735342,-0.0,0.0
63.73043005990746,8.593106132516343,0.7597236333085503,-0.0,-0.5003763272332972,7.289799484453867,-4.849039616566693,8.996543766213321,-10.422040468976345,-0.0,0.0
63.687634804505535,8.404692054090198,0.6417249385695163,-0.0,-0.0,7.113434455730783,-4.269460860294236,9.405280915830453,-10.65154402720052,-0.0,0.0
63.6528562094011,8.26307575952318,0.7272493364860667,-0.0,-0.0,7.133313678186282,-4.463387140584427,9.215714257438885,-10.375570253181468,-0.0,0.0
63.62922462603143,8.350850073681984,0.684527106380163,-0.0,-0.0,7.128400270978924,-4.461179773570474,9.245282358734377,-10.402636308230854,-0.0,0.0
63.62535679534071,8.385430745088685,0.689879427283825,-0.0,-0.0,7.159218909894764,-4.396065466293683,9.233322982434498,-10.48030766403625,-0.0,0.0
63.67359310761632,8.268100374530015,0.6718406769299581,-0.0,-0.0,7.305732375726233,-4.349521819084706,9.306088396450233,-10.580359901573678,-0.0,0.0
63.609252109609976,8.737100702321202,0.6317941536821917,-0.0,-0.0,6.927011976720259,-4.421902431484548,9.337166908952575,-10.396844430364526,-0.0,0.0
63.626186142874964,8.388138342764488,0.6777584999331118,-0.0,-0.0,7.039457652353702,-4.396445135974871,9.34868167922739,-10.39699691991191,-0.0,0.0
63.68409176128,8.508026957846706,0.7013831985700456,-0.0,-0.0,7.0126151068246125,-4.5722358394430564,9.232406348106446,-10.259115002194095,-0.0,0.0
63.739022380689754,8.05502414202813,0.7479418832890566,-0.0,-0.0,7.558890441422878,-4.581301902062688,9.412078326657115,-10.530988956166594,-0.0,0.0
63.70445777100934,8.287440585708646,0.7195126213511812,-0.0,-0.0,6.92929732251158,-4.582158309893263,9.53708652506138,-10.362103533965527,-0.0,0.0
63.6768340769945,8.128497810431197,0.6951450213659656,-0.0,-0.0,7.357226407347885,-4.439538865749089,9.117241601377204,-10.408377101170627,-0.0,0.0
63.61629407710727,8.328714034026378,0.6948568585907184,-0.0,-0.0,7.193660894147903,-4.486371947645547,9.28117474083082,-10.40254102997043,-0.0,0.0
63.68523054569571,7.944724585462397,0.7263441913854688,-0.0,-0.0,7.244587384197683,-4.303023337707216,9.441425950040346,-10.466744632622918,-0.0,0.0
63.634959701577515,8.283848736942444,0.6811303364129279,-0.0,-0.0,7.134294445765869,-4.419993239335588,9.287561022089516,-10.421779098404832,-0.0,0.0
63.63790681563833,8.306993360809253,0.6831416693205374,-0.0,-0.0,7.142875416957271,-4.457794362563069,9.344460149469828,-10.459651081845331,-0.0,0.0
63.61958564601717,8.640287878060606,0.6222046158301666,-0.0,-0.0,7.017497956310681,-4.553959888969443,9.366999935856281,-10.325748046738143,-0.0,0.045444182413476725
63.683264078284395,8.084590538467504,0.7029466679121363,-0.0,-0.0,7.341883182934026,-4.29643124194103,9.260792096397255,-10.56888565185242,-0.0,0.0
63.644251428861786,8.328121089235607,0.6767679856370539,-0.0,-0.0,7.167848343274643,-4.427372309624244,9.288227608316932,-10.447685865956052,-0.0,0.0
63.57065267541688,8.22272031198306,0.6464011693722054,-0.0,-0.0,6.8778309864762655,-4.418955016537736,9.219607805332242,-10.035134032297037,-0.0,0.0
63.640829584828325,8.299430990499232,0.6776194616798765,-0.0,-0.0,7.159905969988002,-4.448178825286254,9.28408897826453,-10.444229703308334,-0.0,0.09243453124030995
63.6265390526996,8.18919469441215,0.6651599186105854,-0.0,-0.0,7.276491146132731,-4.411850924774176,9.358099444465145,-10.593284992087282,-0.0,0.0
63.701275726555345,8.265580156709719,0.5668835173594476,-0.0,-0.0,7.257885646599946,-4.432000646884627,9.280063361346508,-10.371940430496224,-0.0,0.019563940814245985
63.66667393282436,8.447504487617785,0.7032534887309638,-0.0,-0.0,7.0950752399764925,-4.524296927955052,9.301263574428248,-10.454120265346177,-0.0,0.0
63.635158424640494,8.2016721778069,0.657973836149794,-0.0,-0.0,7.632459901554915,-4.331221324620458,9.193449555261175,-10.710289055287928,-0.0,0.0
63.54956190995667,8.20909078528783,0.5800544010366414,-0.0,-0.0,7.865354880651494,-4.480606993069871,8.839404194155096,-10.780217469363043,-0.0,0.0
63.619295542051354,8.350650270823627,0.681939688673738,-0.0,-0.0,7.236444848758565,-4.382450832149468,9.202251766121359,-10.673543602318516,-0.0,0.20961078378242878
63.56047502220785,8.37445489977354,0.7309281991122711,-0.0,-0.0,7.583971192139893,-4.594598885358681,8.949244311121555,-10.575827997352672,-0.0,0.12223064811566725
63.6017676112214,8.511101136220304,0.6751727729048129,-0.0,-0.0,6.951486757905228,-4.487093301758305,9.357247054999421,-10.335947713985954,-0.0,0.03835221220165467
63.55395997956413,8.34426973313866,0.7069487074020689,-0.0,-0.0,7.278322414873487,-4.650949784422392,9.091311135921687,-10.24816422736447,-0.0,0.0
63.66969797851546,8.57345278512051,0.7253016661242024,-0.0,-0.0,7.1951894303439285,-4.56491915391157,9.206305613936683,-10.448042324608672,-0.0,0.0
63.72823855986312,8.069773974737869,0.5597333306634799,-0.0,-0.0,7.672430877133902,-3.994026236789176,9.409698683940306,-11.145142462868327,-0.0,0.0
63.63048335244735,8.292815903466556,0.689903677596668,-0.0,-0.0,7.262677913839079,-4.46896136860728,9.20921904472493,-10.427985211193601,-0.0,0.0
63.61772234633795,8.343880837171051,0.7194075448213214,-0.0,-0.0,7.098278051857413,-4.4887887697925635,9.258467338988613,-10.406673942883758,-0.0,0.06746273572303468
63.640784430560494,8.34527520560584,0.6743632675118173,-0.0,-0.0,7.206838570592764,-4.451181581943971,9.256152593985217,-10.45578837033202,-0.0,0.0
63.63654772135853,8.365921979311867,0.5914282209481366,-0.0,-0.0,7.582891605586045,-4.409336904898479,9.08353520438577,-10.226540607506388,-0.0,0.019117193196788944
63.62703722263724,8.2923431653307,0.6804901257427873,-0.0,-0.0,7.1961875953401995,-4.44674875844109,9.274424166985915,-10.495046671742188,-0.0,0.0
63.69365333936628,8.059209705393124,0.6480485245239919,-0.0,-0.0,7.3453635813885345,-4.441744114627067,9.229624033507596,-10.372811829983041,-0.0,0.0
63.598232384817535,7.860295903945223,0.6977747646693611,-0.0,-0.0,7.083722110761934,-4.351844992560525,9.299567077308765,-10.308153612086505,-0.0,0.29484301130306506
63.68584070107342,8.488679092317865,0.643502751985958,-0.0,-0.0,7.183995647764692,-4.465777950266364,9.390293747510274,-10.533135624136941,-0.0,0.0
63.68583202149976,8.254947137276208,0.8268632835235951,-0.0,-0.0,7.042787150286292,-4.517407766432072,9.02397555052808,-10.608906070084107,-0.0,0.19850403690111712
63.67832259643766,8.0883480410723,0.6871451793413086,-0.0,-0.0,7.28601209485052,-4.316628989668772,9.26558380995102,-10.546194230905423,-0.0,0.0
63.644307090141865,8.275363655154802,0.669776780347846,-0.0,-0.0,7.176573947755068,-4.336725804602143,9.285391824268748,-10.498600167355729,-0.0,0.0
63.67761680468003,8.338858405066887,0.6495745741429736,-0.0,-0.0,7.095166678511894,-4.364942526521139,9.342230261094311,-10.440727433892288,-0.0,0.0
63.71590349996739,9.09731906378892,0.681170653036032,-0.0,-0.38343402693090134,5.63822390806054,-4.741449614216613,9.398785700428848,-9.59744627011315,-0.0,0.0
63.69706470113982,9.68116820842452,0.5517011933567451,-0.0,-0.0,6.760579778963436,-5.1468834891827235,8.594340758895804,-9.777229195340494,-0.0,0.019342543700651648
63.74160739760869,7.594510550789843,0.5942232247733437,-0.0,-0.0,7.438711751732468,-4.097116453390982,9.56455916456768,-10.500673401684878,-0.0,0.19971445022710546
63.644395545150175,8.398170485095036,0.6871253960420035,-0.0,-0.0,7.215309493187051,-4.459191452877834,9.23862756975641,-10.47596903682054,-0.0,0.0
63.62020032280976,8.384890212055696,0.6599161653196042,-0.0,-0.0,7.0972049077829205,-4.506464603997108,9.413347144947595,-10.332660827358259,-0.0,0.0
63.62527526044667,8.299033733961862,0.6575915403348966,-0.0,-0.0,7.018304609126547,-4.299465658023868,9.248922584385467,-10.335932900865929,-0.0,0.0
63.66057100129117,8.200658755475828,0.7004889763570425,-0.0,-0.0,7.560421622486972,-4.56144598024543,8.825435295294984,-10.313718637924241,-0.0,0.0
63.67101453167211,8.326371482110359,0.6674324796733198,-0.0,-0.0,7.26222099618175,-4.491588915974753,9.189402765553599,-10.391211469914262,-0.0,0.0
63.69512655752992,8.728659304811138,0.5595453632555428,-0.0,-0.0,7.141961406057036,-4.485374651982,9.016865306166077,-10.114838303352776,-0.0,0.0
63.55854783231667,8.08783467078432,0.7420717335889279,-0.0,-0.0,6.774169986777128,-4.490869664165333,9.325433176758303,-10.026013122288733,-0.0,0.0
63.620578053704655,8.370907447195497,0.6633756464221308,-0.0,-0.0,7.26049922662469,-4.497488448164151,9.232061129307192,-10.317819978959232,-0.0,0.0
63.623451258805964,8.313374057450282,0.6831250127358222,-0.0,-0.0,7.178446028280373,-4.4137578813832405,9.252976557550905,-10.48037714264347,-0.0,0.0
63.614555386129275,8.3811954984933,0.6679381180838686,-0.0,-0.0,7.15072621754813,-4.41980959817695,9.171373958112582,-10.422892246732106,-0.0,0.0
63.69997267299,8.544426111846269,0.6445329679438335,-0.0,-0.0,6.798300398482484,-4.570357330152992,9.560712886219063,-10.31025911293508,-0.0,0.0
63.72719897246611,7.0752791451888415,0.756906448834947,-0.0,-0.0,7.463388978293144,-4.79067044299525,8.665683532188455,-8.958997927565814,-0.0,0.0
63.64843984965468,8.32161221030642,0.6809323763928152,-0.0,-0.0,7.141041894865981,-4.414556229373669,9.290010638287239,-10.439104883979581,-0.0,0.0
63.588806547922644,8.560790039613982,0.6652521580574983,-0.0,-0.0,7.343257163708783,-4.59778760220192,9.352796541010893,-10.501993068940996,-0.0,0.0
63.70027469072807,8.010173039283412,0.7072356539268817,-0.0,-0.0,6.8868727604771545,-4.381638405406153,9.430962969188146,-10.0411966322397,-0.0,0.0
63.636623600623444,8.285295601483739,0.6867857633401125,-0.0,-0.0,7.103883148848205,-4.502803108568017,9.237902051333524,-10.257843085146654,-0.0,0.0
63.656921932421334,8.48459472215158,0.7079993008595837,-0.0,-0.0,7.2581904084761675,-4.536389416195216,9.206294530724202,-10.48530719474416,-0.0,0.0
63.6656881778908,8.342869472296245,0.6599674864272619,-0.0,-0.0,7.138013784935344,-4.390543616076307,9.285486662657824,-10.410672214088974,-0.0,0.0
63.663065404105495,8.24469844072016,0.6598642891241497,-0.0,-0.0,7.167408050749171,-4.38231514556553,9.27989693520288,-10.389168536966773,-0.0,0.0
63.715657546742044,7.679351254230959,0.6716773977640244,-0.0,-0.0,7.372216313171833,-4.244942064152757,9.577254543554822,-10.455952964560279,-0.0,0.0014463595492983062
63.668184281973566,8.260362206843354,0.7011019000889332,-0.0,-0.0,7.01705469965216,-4.354393123644792,9.277989838084654,-10.388883970542558,-0.0,0.0
63.61432922874155,8.093776903255387,0.6534274094633501,-0.0,-0.0,7.244593933517785,-4.267522330094046,9.23168224141793,-10.477253373583261,-0.0,0.0
63.65699960544059,8.236807650316404,0.6786040166824668,-0.0,-0.0,7.112387760156306,-4.383673726543563,9.272971121155978,-10.386075229270013,-0.0,0.0
63.67788165590057,7.766870579587916,0.8271007150684567,-0.0,-0.0,6.926054257951113,-4.669358597787854,9.591395227069068,-10.224661982837596,-0.0,0.22092605904868184
63.70171849792373,8.579949645870858,0.6769123257245747,-0.0,-0.0,7.73807399094748,-4.557105830375649,9.084832642888259,-10.761212964763587,-0.0,0.0
63.643942696487436,8.32140782939147,0.6881018725193565,-0.0,-0.0,7.160331351628092,-4.442760188928753,9.28328616552578,-10.435568777243542,-0.0,0.0
63.604644149204574,8.05437937929119,0.6957210532585504,-0.0,-0.0,7.224001374181192,-4.256143142752807,9.51253429343709,-10.609357241874912,-0.0,0.0
63.63788907172411,8.345033286433733,0.6761410454835645,-0.0,-0.0,7.223678938469929,-4.461377173490762,9.282111816595613,-10.455019770914072,-0.0,0.0
63.59881064474633,8.448453169986468,0.7256338435634567,-0.0,-0.0,7.042952927210575,-4.447112789929258,9.303656226252281,-10.541708794534244,-0.0,0.0
63.72145480393492,7.804013316557408,0.6813201468565127,-0.0,-0.0,7.106361594567669,-4.439443298353909,9.45373798556812,-10.537608449365658,-0.0,0.0
63.623426702792194,8.184035413871403,0.6756089031977949,-0.0,-0.0,7.3735943376345565,-4.466040641655483,9.229269679069946,-10.498904666828478,-0.0,0.0
63.6577223282231,8.401148010443137,0.6662615211569272,-0.0,-0.0,7.1325894546613045,-4.446834765745305,9.336898125500792,-10.456258925441865,-0.0,0.0
63.652425307584096,8.39673373024536,0.6174628019939613,-0.0,-0.0,7.172538529935004,-4.42282751042055,9.30622984259042,-10.408107230697555,-0.0,0.0
63.68513800905116,8.37123481663364,0.746226977814392,-0.0,-0.0,6.0073213423790754,-4.484250939276923,9.261670739303051,-9.739714825445764,-0.0,0.0
63.63722993776953,8.326392938653429,0.6785111554582113,-0.0,-0.0,7.223208914775264,-4.416229360932216,9.28228176277974,-10.485924741853836,-0.0,0.0
63.686123992581834,8.862034096746331,0.6271022146708907,-0.0,-0.0,6.868691698694357,-4.4109707327399,9.361433258053895,-10.477986839624643,-0.0,0.0
63.671736569780634,8.79009042942143,0.7286152472559632,-0.0,-0.0,6.529159170717868,-4.5790369799156885,8.579025546101082,-9.88530757644942,-0.0,0.03360673897853461
63.636740096976645,8.358052945789039,0.6712408232485004,-0.0,-0.0,7.178823600329751,-4.448831024852941,9.321133090904166,-10.463071754757335,-0.0,0.0
63.659685404569466,8.316262250133635,0.6814358478071465,-0.0,-0.0,7.1146642743114885,-4.360060072543628,9.325850612886004,-10.482513053937383,-0.0,0.0
63.606110488135876,8.348732472492788,0.6545005142449474,-0.0,-0.0,7.12562063079654,-4.383730129499872,9.257829964606868,-10.43537986989946,-0.0,0.0
63.75319107496979,7.847267440965536,0.597991037356967,-0.0,-0.0,7.480544392188209,-4.142857545852431,9.098822191874222,-10.243968119117044,-0.0,0.0
