Intercept,AKR1C4,AMBP,ANG,ANGPTL3,APOH,ASGR1,C2,C4BPB,CCL16,F7,F9,FETUB,FGF21,IGFBP1,INHBC,ITIH3,LBP,PON3,PROC,SERPINA11
63.22897148451998,-0.6760747049829982,0.7397674234849264,-0.6139750360022268,0.6661292933528775,-0.09799897970734511,1.3222849305170015,-1.2122999002514754,1.7725210420821416,1.0806770777952428,-1.3294119004984144,-0.41265628608939314,-1.5312813619043675,-0.24613645812029858,0.8001947108328114,1.3472175626262717,1.7907188308416042,1.1819264339368072,-1.7723616107755784,-1.2085678917003395,3.3444104114691657
63.101086560372075,-0.7734099288950971,0.8668172514117091,-0.7656468583175137,0.5723917990295097,-0.10725912708054525,1.2866443282110158,-1.216569589942068,1.7421421293023782,1.3784567509026322,-1.5414729708933923,-0.24878412326618723,-1.4983409003771426,-0.240858644859726,0.7988978040290029,1.286871672962881,1.9435048738739071,1.1631731759169088,-1.7828966462059508,-1.3831378390093727,3.2967124809902923
63.11420327686455,-0.7430330080837195,0.5804890079054034,-0.7366788116921429,0.6153348201917495,-0.09417391405148785,1.3501240698515597,-1.2010375069830665,1.7386061124719514,1.3293215955132762,-1.5315846156278845,-0.21752615713022672,-1.601587597839421,-0.3613415756606799,0.7968781230500014,1.4200459156946093,1.9522232567526527,1.1231332675936367,-1.7706624088643275,-1.3025992649465212,3.3962263820049166
63.03288899570471,-0.7188251094440495,0.4444002640075927,-0.8249454514888986,0.5909297572097464,-0.291708351561274,1.3138555609071738,-0.9470665395280427,2.0295177830120976,1.1324219499126087,-1.4092663185052945,-0.17960227860370043,-1.4503561356711974,-0.31840276598907447,0.8363862229968012,1.706141805173464,2.028955247744218,1.0228225316147646,-1.6446366518590556,-1.3653137190547173,3.318992442655129
63.10541224667392,-0.8168358803713731,0.8560375342733645,-0.7503715516626364,0.4542014077482388,-0.14406235835614398,1.1225045045459232,-1.1748125987631328,1.8216110893934192,1.2152374779173816,-1.3397604003686037,-0.10318997485840327,-1.567624266389439,-0.37452852207382137,0.8666080130975028,1.4719217166829717,1.8780677515059985,1.169347166576736,-1.765854763474188,-1.4691201276941293,3.523885420722015
63.09859069960877,-0.7102461970235706,0.8364858482148236,-0.744083357888845,0.5164648580646217,-0.0943043422280194,1.216170028254561,-1.1572727550475692,1.745489339583855,1.226615952221539,-1.3601864923296163,0.03828665142859519,-1.3862073340913807,-0.259562860692587,0.7641422205764568,1.3116718786365478,1.886462657770211,1.0247811482745983,-1.7571924128541832,-1.351057019867692,3.4656577941713804
63.155988878597825,-0.7208558873266978,0.8234805079522693,-0.726955519478311,0.5794430729694929,-0.1038465683662462,1.2436118030106595,-1.1737508416366365,1.771645486333885,1.3121959715297142,-1.4341823711458344,-0.23132850036034006,-1.5214454888026607,-0.3301421820015834,0.8000317952035476,1.3369764681736247,1.965510009606062,1.1027789493439373,-1.8407947232325927,-1.3222340309713272,3.3803011849353077
63.13263302418429,-0.7655690581728234,0.8686254960105588,-0.7042925725207624,0.6841284370951678,-0.016349479563010423,1.168559535912398,-1.1885094827640523,1.6813717375942068,1.365406846831878,-1.4939433981528656,-0.23026645178484342,-1.5587565609879606,-0.3886820614207838,0.8218539170209274,1.4088626796786177,1.976443918372234,1.0839953955027293,-1.8294090070284301,-1.2876492051286978,3.360165943339284
63.23368621862885,-0.9586817686244683,0.8300175203407796,-0.7220194298204192,0.540398688683508,-0.07643639767291892,1.2524048686336084,-1.1353749013711492,1.9060912707389785,1.1738063208078047,-1.3316632829809365,-0.2619382148370992,-1.5095053225069361,-0.22056813468918515,0.7176150006535735,1.4710413240462774,2.073531871720834,1.200495185727871,-1.6519842531349749,-1.2840924237162106,3.3691118637981727
63.16153856986284,-0.7289697249773391,0.8181943799412349,-0.7231827633639331,0.5794904582528344,-0.10196487235252488,1.250741357514818,-1.1686117503939593,1.7619349087286413,1.3053187315465664,-1.423464777808386,-0.2310174059877039,-1.522469810045752,-0.33317469607022066,0.8047433594959233,1.3436115823589785,1.9622087053442105,1.108753273996774,-1.8406746918949906,-1.3166819764068627,3.382783613772999
63.07483869064121,-0.5568893265399197,0.9539001798372617,-0.6575721815860225,0.6689744918437749,-0.34794064555773907,1.216126027375564,-1.1584750649182252,2.1930457166752113,1.5591572267701528,-1.645550249991287,-0.2786036695768587,-1.4706034912334178,-0.39288246536366794,0.7854780565813361,1.1283345348973373,1.8679644712978274,1.0664943686244979,-1.8303032624467168,-1.1697693907789461,3.4395691602781486
63.17820658022722,-0.7185799590109003,0.8396705514348236,-0.7285694464978779,0.6124236808677413,-0.062479291553058244,1.211282284072425,-1.134426604324279,1.8436686793975945,1.2952789738976223,-1.443387443292094,-0.21111688764932235,-1.5007853692539421,-0.30381382512920063,0.7573487939669746,1.3090579931051025,1.9044657863798953,1.1187031744615838,-1.835491484566405,-1.3459585173411142,3.4081794016471374
63.19214700607906,-0.6991631080361693,0.8595735539859697,-0.7747171317881337,0.5222366012126299,-0.06121400012073813,1.1778711241095225,-1.1290389196024344,1.7511076566665364,1.4544682290400508,-1.4049124379116613,-0.22359442396363455,-1.5827302424281449,-0.32230178499025164,0.8195718818214472,1.2684523202784874,1.9327747642270905,1.0932158647472663,-1.7923192936216072,-1.3038462718673969,3.2102366259475237
63.169412194487116,-0.792694226007034,0.7822276016900509,-0.7453138402794143,0.665522037534722,-0.11864075380063648,1.2289948926695526,-1.1261041810077077,1.8104750445097253,1.364849804584999,-1.4714212030604645,-0.17811476473353977,-1.4855858632705614,-0.3163096425212004,0.7851387587536519,1.072375477672375,1.959115040405892,1.0690360243897121,-1.7779175596691086,-1.2457133048007238,3.3436534814080368
63.16368887246451,-0.7145692751222111,0.811174466426273,-0.7248574664642071,0.5709323959938041,-0.10819952951437481,1.2471978320652048,-1.1904129730379112,1.7568573636114684,1.3070664378349444,-1.4719499323414857,-0.2221747277327852,-1.5267222450812354,-0.32111412910410414,0.8064879200323546,1.3054109299276933,1.9768629909823066,1.1043829449490432,-1.8175792929004644,-1.320066790026705,3.382464922914327
63.12341133797583,-0.5856950407045395,0.8380065950103373,-0.740872332849522,0.5695519432131838,-0.1040244237225434,1.2002098178612186,-1.1998670712015318,1.7986548966158906,1.3612769512568623,-1.3710266787732053,-0.24030128963053934,-1.546847728640026,-0.3537984967974326,0.8023987782150601,1.3340636648863906,1.9478036401387215,1.0954768344485304,-1.8275612196937354,-1.3157937447687729,3.366968203480263
63.21340637278057,-0.7559308265957609,0.7415523392759406,-0.8834503450953193,0.841988666472265,-0.23303765824162168,1.261218925701802,-1.1277285489159417,1.860403361091071,1.3461908955773216,-1.2982064578873256,-0.12772692232280544,-1.6987042283641038,-0.380958304134727,0.8564972913897927,1.106766798656436,1.8431437898269578,1.4353922324799901,-1.9830942545238475,-1.2707926540079357,3.353280834218425
63.07332514085868,-0.822536099911638,0.751675321066915,-0.763705577623283,0.5469430689449017,0.10291432692682148,1.341771364756545,-1.1988773640511732,1.9895738477187872,1.2229856597823014,-1.4325176578448786,-0.31933296146891776,-1.5578709524602516,-0.2771252432214527,0.782788218840823,1.3269166798657168,1.991227706246446,1.1144024152753496,-1.8576453119138583,-1.2578858963989787,3.2873535569964343
63.14356500243636,-0.7346747632664132,0.8358103352836321,-0.7376127547638118,0.5612139011954492,-0.12164538981951781,1.2552748793420019,-1.1910345401356353,1.7762046429609843,1.3175172566489428,-1.4170394079563289,-0.24845257867012685,-1.5221913560429912,-0.32481485704072893,0.809305852434965,1.3537509007197528,1.9898931114147869,1.0919076884254613,-1.8462485749942061,-1.321607615886566,3.3686163509322786
63.14821191349028,-0.7001895049597459,0.8188287042147319,-0.7388102583361928,0.5791723654001162,-0.10988482649662527,1.2355941464570703,-1.1811348635268126,1.7795396488749602,1.3184365557072992,-1.4427273211001472,-0.22130649207153746,-1.521824084796059,-0.3333670280428391,0.7981190843761782,1.337930678353751,1.9615899395088707,1.093989251568783,-1.8372596267033918,-1.3290320411458096,3.3803280198669863
63.12822855223928,-0.727093036361409,0.7883153305577438,-0.7422332488057294,0.5322526030290937,-0.1112778738257255,1.2175953798187809,-1.1981033228044002,1.7524735141804173,1.3678048187003793,-1.474245156636266,-0.2711907166533342,-1.5834346214429282,-0.30086247177072606,0.8100257191437253,1.354964847645561,1.9347120313040025,1.102902701435944,-1.8671627519904737,-1.3030352450929577,3.3705503269501107
63.09836534567359,-0.831200459733706,0.802443135385956,-0.7066407001283824,0.6565611216908724,-0.20109568640361586,1.224593761761804,-1.223348022422689,1.760193427120493,1.3109415875477128,-1.365250343362044,-0.20908202837305767,-1.5028277498321159,-0.2880065937050498,0.8457355441229836,1.3102564842710829,1.942587411857307,1.1006960094729352,-1.9675790412373575,-1.3991823402105046,3.343770079315651
63.11540303441273,-0.7134298892921258,0.8570533105001231,-0.6285393748077062,0.6415658439775724,-0.06413351849753803,1.1426231440613626,-1.0985770342397276,1.753810151009843,1.3267483501223323,-1.4523492773556608,-0.23814603581220195,-1.447712001212055,-0.35515151283925017,0.7474412546068221,1.4033251598914542,1.9222479717509153,1.100201820502131,-1.8355364348390655,-1.309162325050975,3.3326562691890436
63.231348029311334,-0.6871367279322944,0.6744344649586803,-0.6875729470434553,0.5587079469095416,-0.12255271807361061,1.1396561799469944,-1.2179329623387256,1.735311111204743,1.5504045824759867,-1.4079264513647434,-0.2563223652559604,-1.4560564105647433,-0.4833671338826612,0.8022643736403672,1.2591874771905116,1.9580330672840793,1.1003046404067505,-1.9054834048912073,-1.2264200348256957,3.269011213055471
63.17295204717938,-0.6913839466545344,0.821825813564279,-0.7445538471933291,0.4896543046439393,-0.156042330264997,1.209167141031574,-1.1511755253945803,1.7671000293584522,1.3191602211736377,-1.4287112647468823,-0.2306496242753853,-1.5053892621076896,-0.3277238165182783,0.7984252033764687,1.3530782788414981,1.9800362827688787,1.0927568435960027,-1.8379488961583652,-1.3366678849850926,3.3914516630502334
63.118522329292645,-0.8169881340499152,0.7890504666128243,-0.6869373208130096,0.53719195532314,-0.09500236090052273,1.38600103937724,-1.1482512673474323,1.7244624869190477,1.2623386705761022,-1.4132501661573562,-0.23525502492863104,-1.5247464298589561,-0.3372739542877829,0.7957469140084754,1.2987920734988772,2.0203161376675998,1.0708970747609434,-1.8401417182288975,-1.2820259605194948,3.449922440773782
63.18133168821333,-0.7312598750316476,0.8468623725751486,-0.7311956792995512,0.5888665963398272,-0.12959027597213543,1.2350255169347686,-1.1794358124242903,1.7701270212826756,1.3297911893480714,-1.3971151384343854,-0.2541095440675755,-1.5325938183806542,-0.3357083173499706,0.7916352942683348,1.3217415808072845,2.009644354683497,1.1118780152793024,-1.7769021990670006,-1.2936347633613445,3.354571888911272
63.12488891838601,-0.7646709419558246,0.8078898617832707,-0.7418095198841214,0.5381406453419448,-0.091305864117256,1.1983018965558354,-1.1779376266426003,1.781436131058892,1.267386256728572,-1.4490944953119318,-0.26367875879252184,-1.526630024060249,-0.31334237694621075,0.8001193124517822,1.331865759157877,1.9125576655810537,1.1193709575915436,-1.7709056015963975,-1.3439965958934932,3.3969445172302706
63.19339263965777,-0.6701595885770026,0.7901777381503206,-0.7300272857968969,0.6412563092960003,-0.14212616776979706,1.1686387850889135,-1.0991467908034844,1.7530173919332241,1.287704421504093,-1.4343334008010216,-0.21398253686296936,-1.4632314072939432,-0.3233547400984788,0.7856268776915467,1.3633788065625874,2.0409223154157172,1.0832093133956795,-1.8787941172886404,-1.2901066006490027,3.34317119240992
63.076847100317885,-0.6370406510621458,0.8019506641898985,-0.6154855217819454,0.6452302759942453,0.01816354143263913,1.2991448792043423,-1.1880594650153835,1.877809050579499,1.2673627388919193,-1.580520443757872,-0.22207541125667501,-1.5300577260297783,-0.23289506130336096,0.7711143248737026,1.3689317269718926,1.9380191289524578,1.0524602695847982,-1.8347901729339502,-1.2888936938768345,3.318814633700183
63.12490566395964,-0.8244767285863756,0.8848923369892857,-0.7268258478843821,0.4071970966085619,-0.07727900466893121,1.3202903926713985,-1.1784531737136512,1.850080776963606,1.3924307022112712,-1.3879164322033526,-0.22684949947929445,-1.5419248550617137,-0.3303429102280768,0.8297871119927828,1.247621504830935,1.7464089749636202,1.024454866169825,-1.8399618572131284,-1.3964186464736983,3.3747074892749
63.12712056868805,-0.8103055818029492,0.7316800150167908,-0.7374418334286484,0.5657330946570687,-0.05241557765318971,1.2131201601725456,-1.1505339933704501,1.7131196544285952,1.2885399207216044,-1.4443605613746937,-0.22970866938204815,-1.4835978649376,-0.3280798693296108,0.8026725814628375,1.4729958820511695,1.9674721784119957,1.0809044402461006,-1.9226621917511613,-1.2551622625718102,3.386927693564168
63.214857479504104,-0.6606823830576845,0.745310927804726,-0.8481640628456978,0.4997819432989281,-0.1307466004954597,1.3165404458737169,-1.1677880705375294,1.676728821156433,1.2778670762067625,-1.5117160533280494,-0.09826079780355977,-1.4917843031732252,-0.31664436921408795,0.9332424688272107,1.239654051957865,2.064061910191751,1.2483716200152168,-1.7609309131594046,-1.2703040040186724,3.199177397427321
63.13285874001599,-0.7255945797629422,0.7779570029276144,-0.7238076361393533,0.6100790973355064,-0.11095622351709152,1.2245309539735534,-1.2022876495379398,1.8436126091453007,1.2933346193263748,-1.4222937272283664,-0.26341866873854314,-1.5187198837972147,-0.32159536372787,0.7725789506835777,1.3159306004846487,1.9648022991567458,1.108458179814032,-1.821865617868865,-1.3489613176509156,3.3821206619697626
63.03780833315352,-0.4846187240031776,0.6974870757589187,-0.6635817798407372,0.7009882475320284,0.09231208245856681,1.2846051209809122,-1.1708740859295987,1.4584976036294517,1.1979375030672883,-1.4254320426943952,-0.30196578560077575,-1.5618476377870827,-0.31712232182499217,0.9730194397486935,1.3054220917043156,2.011913211957668,0.9764587945982856,-1.5674552666055404,-1.4741286329384267,3.1224034708946626
63.05737840102004,-0.7643704253295608,0.7088141987176995,-0.7363359275864836,0.6754853296942497,-0.15254101143145904,1.2898921450294645,-1.091015946463601,1.7699003578065309,1.3072418416071594,-1.511005716078722,-0.3257003054142518,-1.2936854684398718,-0.462593969297195,0.7710667577846345,1.4301323854543506,2.1034037833277157,1.4859970755690228,-1.9433893016833996,-1.4550002816313954,3.312972661714182
63.199521300672394,-0.7962720520966882,0.8762393863583227,-0.7340245590984649,0.5864220295263866,-0.1289255831325814,1.2425406654174447,-1.1429883710942448,1.8440093106034148,1.2650671365036725,-1.4063194940165298,-0.20740108846044872,-1.5526067089145643,-0.4071411936761338,0.7900353423716402,1.3480697248511226,1.9562008495456245,1.1107414833075064,-1.814763345098273,-1.2574908930619961,3.3430290708506942
63.18150789095661,-0.7034461885160047,0.9015017830358597,-0.7446447504307585,0.5807650588325673,-0.1006650958733955,1.2660194339864308,-1.1453641325457156,1.8110327037439555,1.3177604407799373,-1.3904439692327908,-0.23749627039033278,-1.4754737207774926,-0.36467737836942776,0.7682633942977627,1.3646336486008905,1.9815952134035741,1.1186756774207538,-1.7863935610812365,-1.2687787528607861,3.3105839106459016
62.99672393045879,-0.7464385317173425,0.6805824308384658,-0.5219161896392039,0.4941029950932595,-0.17873867265994753,1.5385492563001824,-1.2151068631116937,1.923744454530874,1.5719983217150248,-1.4421055213735434,-0.3514049972851847,-1.542865604513392,-0.3088403834923175,0.5984807678703916,1.0331644021305344,1.9645382359643881,1.1406597259689417,-2.0688277040755922,-1.2937678409405031,3.4341484226559675
63.1572903102866,-0.7210149199145615,0.8229960700370779,-0.7282077667303272,0.5811472934599226,-0.10550528821161534,1.2413542394484176,-1.1736988601969915,1.7723731864882009,1.3109140906054773,-1.4336064645994473,-0.23044050917220243,-1.5217682043478453,-0.33244833063774787,0.8015765136683911,1.336011926926963,1.9671489538663307,1.1043914830796009,-1.8416372342774623,-1.3230428710927233,3.3802031885374415
63.15405273395615,-0.7214632344024413,0.821302798501905,-0.7244783972182236,0.576230406234893,-0.09598230396317473,1.2431972678505543,-1.1748393223900868,1.7768672552141627,1.3154549970348521,-1.4370240372190357,-0.23139075900563075,-1.5255134131331736,-0.3334432930576571,0.7997576175382697,1.3436957017810618,1.9676826928127111,1.1015551440933125,-1.8442657254671049,-1.3234655589058926,3.3840354107010833
63.11310848223222,-0.742544383000549,0.7942130601937856,-0.8245664952162594,0.45738246385844084,-0.08871472501247286,1.2236849699056858,-1.2270726591281145,1.7771235485466657,1.415147012010333,-1.5377851543714236,-0.27175791073832595,-1.5239537179703577,-0.40686952157174455,0.8718738981447564,1.4182406772610903,2.039587326172613,1.142588634127567,-1.7122228946929985,-1.3581729847833948,3.3145676461824016
63.12687289314815,-0.662959075489661,0.7187694251601365,-0.7029176618510223,0.5938436651230974,-0.20516703058669714,1.1868075107487286,-1.152186104279375,1.7775678911391533,1.2100546958120224,-1.3725210678902806,-0.22017480687194674,-1.529237250770969,-0.32157491702298463,0.8269361632499441,1.3221029052632336,1.9588276707380552,1.0609032433589847,-1.7915373141876465,-1.2827005645697087,3.412517733324202
63.13523904117906,-0.7372899031175244,0.8397765332105946,-0.7057994466987313,0.5909264499364815,-0.09598104272575222,1.292545545051003,-1.1730322600842042,1.785731844283228,1.2586706098927378,-1.4152225099773046,-0.2361010341478815,-1.4988329038457895,-0.3435874121578719,0.7870929077374609,1.3352309718726894,1.9656493049425274,1.1215577059405486,-1.8238152677820578,-1.298091371912914,3.3757134936945294
63.128086356001155,-0.6848247980844697,0.8279522421982101,-0.7414218473889846,0.4985999447182893,-0.019047668433721295,1.2167423957993038,-1.2210275289162427,1.7500950392813033,1.3165056660240895,-1.4442047293837126,-0.26298404782449786,-1.5081379803220782,-0.35004976776860347,0.8194833668439588,1.3581624564519106,2.012402192406428,1.1407958467702362,-1.8255550981942155,-1.3321898321669723,3.369556890169404
63.100560439827134,-0.7012114808321296,0.7970198047725122,-0.7178743572949697,0.5182771648533561,-0.12018995325267266,1.3703652845591525,-1.150012995941774,1.9099525775984318,1.257486188705183,-1.2351721566549148,-0.1973974892053273,-1.544801605523173,-0.2816620195589866,0.7525817330574183,1.3349610025558512,2.0452387858714314,1.1030143365007827,-1.81511546853289,-1.3198506994156698,3.377782559204299
63.15414363117798,-0.7203340213660119,0.8249982722216884,-0.7268503503375621,0.5802729695459395,-0.10382309449126781,1.2440108611825118,-1.17500196313807,1.7724085545213868,1.3118107683445008,-1.4345066514097695,-0.22990034587761696,-1.5217341982136483,-0.32918423296811733,0.8001759605258758,1.3347632382397223,1.9643702154660523,1.1026478264692379,-1.84125106519185,-1.3232300451890888,3.3827003019757185
63.146555027263595,-0.6981534640193773,0.8305193420951167,-0.7270159369108087,0.5516079255232084,-0.0877112010990986,1.2205587913327727,-1.176073178422458,1.7870005619277003,1.2996009408778957,-1.4344926425897049,-0.23755166852450146,-1.523679169116884,-0.32630042809191917,0.8127166947749571,1.3308447038874014,1.9778129863799054,1.0936863877825618,-1.8561570618921768,-1.334935856839528,3.3715785217518213
63.14256482108293,-0.7182831720365154,0.8336926163908001,-0.7334500560352523,0.6050768461294797,-0.10962680704458548,1.2522713733513473,-1.168750467709698,1.7577562049186284,1.296134990211678,-1.4278103434520768,-0.2410051403395787,-1.5178018994404257,-0.33305643792924366,0.7934565046063969,1.3368211588813084,1.9662018354247048,1.0916295088382728,-1.8174416021554372,-1.301019775498732,3.37437342190762
63.17193371654872,-0.7334297881024693,0.8395395689229203,-0.7151948438220455,0.545379124925264,-0.09731108282934826,1.2753031689407726,-1.1652825657777508,1.7885474799677867,1.3807375254707264,-1.4682229818550738,-0.23892483997674088,-1.5145611043215503,-0.35174009764009984,0.8053964004031321,1.2530179607148484,1.9763954973000386,1.122933728337868,-1.8761092932628163,-1.321207541332577,3.3323384099557978
63.19314891372259,-0.762543761766128,0.8512359033588449,-0.747489720911445,0.5709487300188832,-0.13677024402460092,1.1747059408481129,-1.1557730657639564,1.815965068692924,1.2924040906927785,-1.437905804906819,-0.19824132554031548,-1.4978754166458355,-0.33740663336127447,0.7965560417748098,1.2873258484562482,1.9558871284607156,1.1226124360622762,-1.88210449446983,-1.2832376463626858,3.47715671230402
63.0956513844533,-0.6732111774119781,0.7952802693806157,-0.7324238045108122,0.577366363343358,-0.062138046442906034,1.3623437957274687,-1.1516129261471446,1.7584740409885027,1.33804750626931,-1.367448416729395,-0.2233436514759642,-1.4831042490512383,-0.33560038274654697,0.7661437139217792,1.2979828704954546,1.9119408165370622,1.047528412306477,-1.8924496371783264,-1.2306857139590957,3.2924916938021016
63.182048086423926,-0.6805273791660215,0.8318450761838354,-0.7149054741131563,0.5902940150704504,-0.1035189817855307,1.2862435554949447,-1.1709958314073743,1.6529921140200854,1.316656326006814,-1.3848417598246556,-0.24362041723564848,-1.5139141130497331,-0.33741832586975623,0.8386128567506583,1.305691929024361,1.9687853997833542,1.112932640333541,-1.8325925100865128,-1.3347942879560062,3.3448263110518326
63.03640245915912,-0.48355348686705524,0.7272142820368799,-0.6887622049569588,0.5564335225019226,-0.016170810390765688,1.2943755871197353,-1.148964492321422,1.7713627985690203,1.1306736492597655,-1.455154086543469,-0.2579867976640092,-1.5051345499252535,-0.2791343604793835,0.7752392853592797,1.142204490305972,1.885946764694733,1.2710885660329132,-1.7756789305129428,-1.2269300369595884,3.400534003213926
63.150462530107646,-0.7382114093435662,0.8231285005394188,-0.7266788040671741,0.6084284978113113,-0.10261313521072175,1.225243111171159,-1.1782355236745203,1.7739841263983316,1.3339958122542483,-1.4289344243210167,-0.2280433038846292,-1.5355416653589156,-0.33425441928739924,0.7904796706480108,1.36177193865483,1.9958763936467554,1.1003956385906097,-1.8584764867086183,-1.33154574748107,3.4005684283489783
63.24121331113997,-0.7878834775649938,0.6621225391170299,-0.8210644722526989,0.6080226719827837,-0.2783130062674052,1.102743759039309,-1.1428639576048119,2.029871111116092,1.399144182042766,-1.2233645847565904,-0.28614665526493827,-1.457496476834515,-0.4174232258494484,0.7405082920280123,1.3266317070869713,1.6066789538916189,1.286938555485702,-1.8489798747710893,-1.2841740457634734,3.3300775834114207
63.090812572287426,-0.7332070146049438,0.7270239267053757,-0.8164773600105301,0.6134973061210025,-0.19507595611756687,1.3675401844235384,-1.2317376398540343,1.681479521392196,1.4377406745238714,-1.3726444034505123,-0.1345216833052171,-1.4892858864424368,-0.2965601190299045,0.8331064464302282,1.257620373815079,1.9709002102013082,1.1747828126860043,-1.9253443435627393,-1.3565906781293648,3.254912251419717
63.08550137268179,-0.840281935922525,0.8883992610179027,-0.6957174549060515,0.45219440210842415,0.13220519017134924,1.295751570757044,-1.1608599931758952,1.713174247336863,1.3622871551287496,-1.2653082481885005,-0.2607320757253976,-1.4903458864452137,-0.36186193604013056,0.778268051643355,1.2097404320799998,1.8796902990473943,0.9822158610815444,-1.9333472919585855,-1.2545657403822539,3.293526853933971
63.171099920269405,-0.6996529409130258,0.7971050204198797,-0.7512897671555347,0.5474868179543411,-0.1263893284977563,1.450069343368138,-1.1880308057261768,1.7559514666344613,1.3102322934018484,-1.4537505270503916,-0.2409708393332465,-1.5555749250136328,-0.3417607458512748,0.8212335969643175,1.3539411195645779,1.965797621229025,1.1388770409116364,-1.8719177955535018,-1.3663645487713452,3.4483587173289587
63.164550164109414,-0.7109336530582341,0.8264830898469699,-0.717440870772952,0.6030086592935483,-0.08960565184570275,1.249251513642403,-1.1645491204777996,1.771637319796469,1.3033313068335686,-1.4185298153213286,-0.2459213130119313,-1.5312741533426293,-0.3261486501592181,0.7951579285709768,1.3253963187796025,1.9649644780358924,1.093048534912518,-1.8528695837186062,-1.3190469441992805,3.3987068862913503
63.208233677786446,-0.7765636869363386,0.7099604205926505,-0.7800391533810598,0.5611395885535072,-0.06360477804113975,1.2747694675019272,-1.225305824453329,1.7580533414602957,1.2534015694209255,-1.2445600058855255,-0.16612408435940249,-1.2986864954545538,-0.3282227836791716,0.8225078922596029,1.2865551254977208,1.8998367245078882,0.9863813413366116,-1.796270070431074,-1.3592663524665607,3.3670210732592625
63.15755911451914,-0.7218762533625865,0.8213065115582295,-0.7282751937020632,0.5828173121388843,-0.10766326758499604,1.245997972204272,-1.1737578134832878,1.7732225998398057,1.3137951241062122,-1.4315502047597732,-0.23399005534927275,-1.5161817584708341,-0.3320228482478691,0.7994264166903083,1.3336911477985351,1.963664672135203,1.1024234772953403,-1.8340453154204759,-1.321045312008628,3.3793119678278907
63.13350385959087,-0.786264200775666,0.7637318021859195,-0.6211628036616185,0.5756846530612489,-0.07241238237484228,1.1634697880940925,-1.0885736719815193,1.6936168758562424,1.350243583441945,-1.3913663273183123,-0.22244195030135103,-1.5764064371788198,-0.36043219954647715,0.8224013232902736,1.3022045442552919,2.059134596228738,1.0469783351001776,-1.8909915096887466,-1.2696367110801883,3.4214159588632627
63.2623241324988,-0.7416085126479053,0.8717869970631952,-0.7735326256522788,0.37027944167379945,-0.22541372725437397,1.187201039421779,-1.3196130096570278,1.7517430250104504,2.0240641480326906,-1.4489980602868378,-0.19332890194648006,-1.6877879094870638,-0.37117499683056315,0.6987702322569934,1.1990034913920762,1.9394001557066074,1.0757882145198636,-1.912939571828473,-1.361883479438776,3.7110671182682244
63.15535354664807,-0.7216462478871812,0.8240473578156486,-0.7266131721209129,0.5788144141193231,-0.10367172707000187,1.244242929401003,-1.173907795131875,1.7719300010256256,1.3120893082500167,-1.4343519777637612,-0.2316529020888844,-1.5209093660318613,-0.33020560302474916,0.7996738191326791,1.3381622525067474,1.9652421445867108,1.102585891454672,-1.8400056288098192,-1.3227461332617696,3.380068887982949
63.09953911119153,-0.7442436981178615,0.75420183478721,-0.6862582417449594,0.6020260043443406,0.012935150488993973,1.1338352439884554,-1.238491200615282,1.7832861685790165,1.278077052175271,-1.3278718094875022,-0.1791075199719577,-1.3902569655324102,-0.307903219240653,0.7298367235615054,1.3317358622435127,1.9122976653131458,1.1243452120333182,-1.8231956722023925,-1.3208860667412512,3.4415936823010487
63.12838512228234,-0.7187318466720636,0.8212720672206703,-0.7629263068379898,0.5296477636298312,-0.09077163222441635,1.2723035123404107,-1.1891177018923567,1.7636611573386043,1.3367808309935194,-1.406904476109174,-0.21882657986546455,-1.557000371972486,-0.3621238319069087,0.8253194154082981,1.3602583124350969,1.985463318876536,1.1008918758256145,-1.8060955806227943,-1.3034096310573335,3.3547495919604535
63.15981461274788,-0.7190912971052761,0.8311941628359276,-0.7270574487308198,0.5776422324560146,-0.09607045304659965,1.2455601532171592,-1.1648749874992916,1.7692171835484785,1.3075889996768006,-1.4353335392652922,-0.22712269095559956,-1.5243347995315157,-0.3340918910620403,0.7999575572357494,1.3381063495568655,1.9641459686725613,1.0949526389473676,-1.838606684542786,-1.3297446835331956,3.3797096506081528
63.148457243044064,-0.7297495531146366,0.8278318838133307,-0.7354462094670047,0.5618372776306851,-0.10702050363423053,1.2601922537713082,-1.1794235280013101,1.7724701218207803,1.314039072066688,-1.4366946706442032,-0.23024091566196134,-1.5257642250998107,-0.33797836790388763,0.8094727872689232,1.3491130538233274,1.9649302115660223,1.1105405617648099,-1.8309314469084526,-1.3369550368069272,3.3839722300342814
63.2707818955291,-0.5949581745015093,0.8424410152132349,-0.592982692136619,0.5305331945952475,-0.03316696848110245,1.1584631000786467,-1.2342852649845586,1.4397510117202788,1.4518204823740444,-1.3546570297216538,-0.3148397230043938,-1.4218642649689437,-0.40688426401546535,0.7870650916828867,1.4402166770998492,1.7714394005054597,1.13389874341373,-1.807610281038021,-1.4240473738981358,3.417012820923769
63.10967528470874,-0.84245345484711,0.8300207992917203,-0.6853379412337594,0.47614066951957645,-0.12499563464749817,1.2662590203874413,-1.1495263247047338,1.803744162428416,1.2532904656323736,-1.3592934509459813,-0.24778290738241102,-1.5326425484485862,-0.30080040048425827,0.8218723774977021,1.3285800385020887,1.9050646102723252,1.1178892628491783,-1.8982350702906994,-1.3036688371570093,3.3238892037636556
63.115682060607114,-0.7774455891600082,0.776030380223825,-0.6718793108635593,0.6697114880293756,-0.1601798355210666,1.2246780293929416,-1.1939777229118156,1.7271827822272605,1.3291929542770309,-1.4573877027261655,-0.31455879329036596,-1.51989047683204,-0.3456507714420447,0.8197961607576002,1.2961809261957913,2.015115487021175,1.1293480607253052,-1.8503963895168412,-1.3235010774896743,3.3348105017491316
63.19154220904424,-0.7459794325940726,0.8635589906611499,-0.6853605254965666,0.6279466728239463,-0.10872491666721947,1.2477393543507294,-1.1718383575157154,1.7713805926956503,1.1769665200261763,-1.4142191352363775,-0.24293968451302314,-1.53811846429624,-0.346851303886454,0.8123540411170801,1.3856771622273634,2.0121294679382715,1.0664692445733484,-1.780802186823403,-1.332508438108098,3.401145923295855
63.205944102971365,-0.7167141144728478,0.7052325093862609,-0.7954816590927639,0.558044333500835,-0.15777900691170085,1.2020008403780367,-1.1861164472253765,1.759574838751504,1.3380105041097727,-1.4453060312050732,-0.2547880286527724,-1.5640514391802287,-0.3077958554073661,0.8338157363867164,1.415196160839963,2.0308425117319477,1.0742250567825664,-1.8681644568013553,-1.3213037196852122,3.3937464976246234
63.238123341781254,-0.8679340566250043,0.6486682177802892,-0.6483758775665034,0.5311094072112404,-0.14819415046592602,1.142626253098237,-1.245890187834575,1.7884070132963026,2.0804535293242328,-1.4746089765838502,-0.34369072012851903,-1.7605722741214185,-0.2729691316560798,0.5536109052227752,1.3723742309457385,1.8375598246700933,0.9245384245127336,-1.6444256598338827,-1.1860152969626458,3.3491190917953144
63.09640782225546,-0.7080234683339653,0.9128900186244523,-0.6980004817840626,0.4698863992435485,-0.16281303121698845,1.4849961937981333,-1.1768563677688342,1.6519797491115527,1.295051574413177,-1.496276515776675,-0.2079437872007051,-1.5909004445391162,-0.33041013518176165,0.7944311343493917,1.3187094064488567,1.9341138072120265,1.1644337215495038,-1.7498326797548034,-1.2938755602302152,3.516759963338713
63.12767337210362,-0.7286523804282027,0.8057788834773549,-0.6960058815714542,0.5592242265660531,-0.12839581258642604,1.2139065384541974,-1.190451889053738,1.8236651193322702,1.2831894909285946,-1.4055519635900733,-0.2786029028648374,-1.5539834172846436,-0.32566679297862405,0.776489191322706,1.3055473038973238,2.0516530951142316,1.044935710569823,-1.9341642253015416,-1.2788582076432324,3.3939481594429086
63.11778824442477,-0.7081721243403295,0.8602150716459048,-0.7543745129393203,0.7800531387735432,-0.115568705697638,1.2622273339549765,-1.2173839037093452,1.724737951813783,1.3109172675992982,-1.4183218269380915,-0.2893998817467113,-1.6201886208432996,-0.3161253376200191,0.8184646965810937,1.335404479305764,2.0087491994943845,1.0594755672076643,-1.7913588192982952,-1.4265916940447332,3.3552484480684317
63.109115328037795,-0.7091248065734381,0.7960507859641166,-0.684226928572888,0.7118136039602297,-0.0736931499186525,1.2621851170560567,-1.1947069007824491,1.7603271213892755,1.2365579611047701,-1.5230192509518512,-0.23534410243652545,-1.5063782122578986,-0.2884553307626318,0.7872347006687787,1.280693599277116,1.997655539413193,1.1167962124800206,-1.8794067220160633,-1.2335075522681984,3.3691467210370343
63.1512119767424,-0.7319783303421591,0.8244154027497644,-0.7265997706502929,0.5857683371761124,-0.10175461424552294,1.2370905048475365,-1.1760437971440132,1.7846420387740705,1.3182634412551404,-1.4395684724307036,-0.23407115446696408,-1.512020369339887,-0.3256440539055957,0.798274774977309,1.3381907235644055,1.9659905588108106,1.0943159547411445,-1.8443953261642794,-1.3253650456900132,3.380957490085822
63.11659266770471,-0.7557453507981722,0.8745528863995242,-1.2791753248312097,0.7302310536043832,-0.13625859890733283,1.2373040857566246,-1.208854334600173,1.7754975791164,1.3893742877255906,-1.4618268958050322,-0.29818733299522765,-1.414751123078447,-0.3056078828875625,0.8307305886686107,1.4199181866290393,2.0103380640095234,1.0583216737552386,-1.7592910504280568,-1.3252064793463707,3.4590530167902886
63.10303905904923,-0.7732326700236506,0.7546703094672191,-0.6954515907614872,0.637220422538714,-0.104314985946803,1.2095897962352804,-1.1496918072714508,1.8493958091018237,1.3335184704069851,-1.4183967332845062,-0.22314528939036254,-1.5187856552919692,-0.265077647077119,0.7805673866323953,1.2484480493031207,1.8853182771082337,1.196664849697637,-1.8523037850699093,-1.3531788944611016,3.368432649405672
63.122965518290464,-0.7604016621517082,0.8283444367652202,-0.7125182070255085,0.5243257928866991,-0.17114885300801502,1.2836964392105807,-1.1867031976276872,1.7885010766309222,1.365734266380157,-1.4709653922770096,-0.22724803925610323,-1.4784790411988178,-0.3353835668169103,0.7538240607726027,1.290110881954985,1.9803782463017903,1.08656631760607,-1.7808880759479133,-1.3381341193600045,3.380607729764696
63.28376643542719,-0.638986832754395,0.8225146924766783,-0.784237518560163,0.5440578606376422,-0.21981041198584864,1.2513105664537216,-1.0342755643177963,1.6327100963021002,1.2899557294312058,-1.2380460439579863,-0.19964483895092583,-1.543288363400757,-0.11885166725987467,0.8658651496659168,1.5783344743615795,1.6713406621849232,1.1682825048066867,-2.0255100296008064,-1.1209507846346654,3.406729352870971
63.12353523512269,-0.6882455279917736,0.7590690717545904,-0.7534668295611415,0.5384971263329127,-0.15824554808461494,1.1379426948002305,-1.1188788942537264,1.7506844511990918,1.2489527518915735,-1.4789296082296575,-0.22766132435349795,-1.4133442447751208,-0.32061957822414006,0.8337258817034802,1.3293103384559755,1.9574613193920132,1.076834199195351,-1.7752060204042,-1.2823876720392693,3.6052339865300014
63.18888327799512,-0.6977370953728395,0.8283337262516182,-0.686291299540953,0.5881466907914816,-0.1209497874111211,1.194579637721002,-1.1307732823611159,1.710642760648523,1.3070600714939544,-1.4208179021972787,-0.17766591750262534,-1.5157991065485932,-0.34044239383166774,0.8102551277595814,1.4026914424922192,1.9454269727510585,1.0650210270675897,-1.8521378850805887,-1.3433142860778495,3.3588321788906423
63.13061772957988,-0.7435041537609884,0.92735468049235,-0.728372197423823,0.6216148441505503,-0.0699043429909798,1.1496046135815563,-1.1849384290107114,1.8627341514138935,1.291567986977743,-1.4141930696361162,-0.2480836684536505,-1.5148796488531155,-0.361226741769783,0.8203901218683396,1.394669906690384,1.9241070354780518,1.1674548866622592,-1.820911112066639,-1.3046838294171788,3.307371142011377
63.217267365121394,-0.7355021358175694,0.7474215258653853,-0.7937932505193998,0.5920011441964325,-0.14690114468733612,1.222546693666204,-1.1011372800291823,1.8669756772370212,1.1560468288869943,-1.5870124588039127,-0.22784893286109092,-1.624436765158951,-0.2963526302541849,0.8377154675171207,1.4357920803352184,2.0329670380931284,1.10049745028708,-1.8311894445773789,-1.3664056772034388,3.4014820632028337
63.073404185128,-0.7134970101762773,0.9334023902265816,-0.6988482039734515,0.45690796228481667,-0.1624179265499131,1.4370919365872152,-1.1178413375520548,1.6312929429719263,1.2637855230775534,-1.2889392839440466,-0.3788049116763471,-1.4741136078368846,-0.1816247503220376,0.8316569878468936,1.109570260708705,2.0418774430771855,1.1190156486272949,-1.8268021013040667,-1.4289782227799919,3.410374438408798
63.065102805142814,-0.651915724359753,0.8866148334428462,-1.0487021412637423,0.6622258987017235,-0.0870175184177757,1.3520965662524964,-1.024211274400319,1.802635859284389,1.5007340125057174,-1.4105163678004882,-0.190481204498308,-1.53316685435789,-0.40623939271258386,0.7285033125160449,1.3804414392343567,1.8440207693756943,0.993490180311734,-2.0878746310817844,-1.1884141377684456,3.340947891751994
63.079247026656105,-0.6397561799079045,0.9287525973675957,-1.0114995083693807,0.6778460058911764,-0.024643139859962936,1.190176480441359,-1.1136404115571272,1.6895337073589738,1.568427938139621,-1.42273330674134,-0.2384129079953063,-1.393986309027365,-0.31406690783425056,0.8334840493664288,1.112104995935965,2.1366983831197404,0.6708332291584171,-1.788367331382097,-1.4710464446224185,3.3798688995914787
63.11314851184945,-0.6766374766960183,0.8244825394960202,-0.6938845740946262,0.6892163661246318,-0.056824081932060386,1.1845464656112417,-1.1642482906575558,1.6962430844948038,1.3822809442743746,-1.4571368324145821,-0.24923257651360564,-1.5110731293496706,-0.31457782057918726,0.8025933456885485,1.2890325070521398,1.9514678573745847,1.1508906859569141,-1.8397491659069383,-1.409762871865009,3.3805711536424976
63.10283792315937,-0.626252677460464,0.8573807099486849,-0.6857174509762417,0.6904834723281317,-0.2182718849357452,1.3170304705167688,-1.185004956119572,1.700098428311967,1.2807570777229071,-1.4455912587206199,-0.14109121686515258,-1.497783235478526,-0.36179400500089653,0.7870460987456127,1.3461151620563876,1.8595600076121124,1.1652861725317205,-1.8269223466576323,-1.3167033790639973,3.404100216038275
63.14345210971864,-0.7115692784475717,0.8219616791024151,-0.7195784720155971,0.5724103959515227,-0.11011168843385051,1.2497012469771762,-1.1672648598295632,1.7533683404618035,1.3055850751092557,-1.4142127242460671,-0.22054972270261017,-1.5444547702363725,-0.3372589371087553,0.807565330009904,1.3307970062868348,1.9889472214229662,1.117636940683032,-1.8443834777702248,-1.3275825516234052,3.365509884150168
63.14585891134885,-0.7156086210613917,0.8156149261275856,-0.7261920936666292,0.5868044426714202,-0.13903379746165806,1.2309097793741846,-1.1655810408093792,1.7765332428324214,1.3124644646472723,-1.4510414545810695,-0.23999209351833597,-1.5299273085614413,-0.3265975353539501,0.7969512089838018,1.3309140765275307,1.9492844220696175,1.1197082509599137,-1.8567637781874493,-1.3181300409368553,3.385344456744336
63.18195614072111,-0.6408552047000666,0.7708784705538555,-0.774498494446808,0.6067234294440386,-0.022126535219313112,1.2918038639906144,-1.2363821344009325,1.7974693591795103,1.2867546104071337,-1.4656195998654984,-0.2112875396608624,-1.5194688907656355,-0.3629946055671576,0.8291631618704364,1.3622639950534208,1.925376300444234,1.1267073655671067,-1.826715567270303,-1.3148719285128845,3.3394797371111005
63.214668810342104,-0.6312255690983463,0.9379948054893764,-0.6440643382681558,0.6116167682064915,0.07030394031379729,1.189200187425388,-1.218649101770367,1.669337839443428,1.2122396048360218,-1.3521245990800153,-0.3734921969868679,-1.3316836294576049,-0.2996577175525916,0.7789956228011541,1.32783119329749,1.6200181361747976,1.0932291701913408,-1.9005457427391328,-1.4469346049130714,3.415919278533535
63.17521339473917,-0.6681326088291724,1.0817046283861627,-0.7619546723080979,0.601643828486315,-0.1060229416101638,1.262467140236804,-1.18766143539652,1.754502999509168,1.306779383332238,-1.4398656506299214,-0.23421292176559827,-1.5285691003507793,-0.41129645472646537,0.8207249595571618,1.3604598698381807,1.9465468021233072,1.104613880607172,-1.8501660471293464,-1.3022397903474991,3.3638007677498356
63.236243675172794,-0.6830359366799996,0.7134947972338509,-0.7396917592484845,0.5518101494644692,-0.09976065251658481,1.2467459176584366,-1.175225914843106,1.744843391547115,1.316797261869495,-1.4129641489840405,-0.22049764959301432,-1.5386886239194186,-0.35410112632474205,0.8319790505952105,1.398396680522289,2.0228338040616194,1.238599372238956,-1.9224792077092787,-1.3662499733733997,3.498072571893043
63.113812088949764,-0.6503058835107526,0.7843144360971694,-0.7417402713321206,0.6083071910864649,-0.192317303820842,1.2505858983854694,-1.1649068844762271,1.7426534739636999,1.2251234058594018,-1.4103956057259563,-0.20681123528547177,-1.5205828629394085,-0.3263628935377913,0.7946183918707537,1.417192722381181,1.9793017753753404,1.0128612045149792,-1.9076852472920398,-1.3127220901477161,3.508366540478884
63.14395287888887,-0.7193967520780945,0.8774252897156842,-0.78998725393218,0.5143634705864678,-0.10406515823248,1.1719984755157409,-1.158697193894725,1.796801253313526,1.3069558917110293,-1.3194454547091914,-0.17268253277633813,-1.6296208904464762,-0.3623221330321884,0.8176724620787134,1.2864872093916488,1.974829002344873,1.0719893614170164,-1.7501984639125594,-1.20638479928719,3.4032710978428153
63.14627456982971,-0.7332030817825292,0.8288317121429737,-0.7234623444607612,0.5708677097820302,-0.12498383254184506,1.2501543535583346,-1.1781320267526914,1.7606289596047544,1.2829581198403366,-1.4248497439150745,-0.21891693226625478,-1.5300962459551843,-0.3423929310572593,0.8084479146613623,1.3591119242460734,1.9710029906102073,1.1106440617216662,-1.8133794437806876,-1.3144167181497677,3.376694377760256
63.13009727283785,-0.6621940742575351,0.786054239987366,-0.7269595458709214,0.5787545570899675,-0.0512994561969733,1.2862215587437962,-1.1337006129353686,1.726131311244317,1.3366463909869262,-1.4252181503993766,-0.2597995853611773,-1.507745003674547,-0.33192251123409183,0.8111645262911091,1.3570940522714987,1.9422765361968664,1.0853731795766486,-1.82207603709026,-1.2914020401029502,3.3381270926557445
63.14484364987597,-0.7419377436534327,0.8107262767675358,-0.721610652710868,0.5675343480873537,-0.09367715184057122,1.2513886338767888,-1.1253286890200231,1.7877172710798823,1.3061655468070512,-1.4612639605979942,-0.21201870855635704,-1.5137455971207698,-0.3268473954010314,0.789045736208677,1.3245142024566858,1.9601763563830081,1.11661594395423,-1.8367548630291572,-1.3153410052076508,3.387705754226655
63.20764111549668,-0.7354728489337986,0.8651965861023729,-0.6728408823213825,0.6999507465911621,-0.21877570677150485,1.3464876220054873,-1.1433890561148403,1.7609872341741364,1.245195178277699,-1.43572790949682,-0.2472004599042965,-1.6126820926813517,-0.30262712520585106,0.8102596964174117,1.2052837623115695,2.0557646029811187,0.980961052405616,-1.7285192937673044,-1.3904103285437361,3.4298631037449034
63.22351650167852,-0.7095272260646923,0.8407975285043818,-0.7481529486859314,0.7234637354406394,-0.20759361132633095,1.2862629589966554,-1.1710664217346,1.7119220602924183,1.4847703656709095,-1.3575448560272219,-0.2596978173979505,-1.5263184536866332,-0.3458684475403617,0.7880274090033971,1.4337117278949518,1.8872194691796174,1.04237351870936,-1.9023597988567396,-1.3673263621019305,3.3852713230806972
63.13711291600477,-0.7046364228769325,0.8608608260378806,-0.7201203209252638,0.5749155979172358,-0.13701277364031533,1.2684277226123748,-1.187342971387302,1.783939992807949,1.3253706498945104,-1.3919830266884454,-0.2374495489221387,-1.5284143587924686,-0.3150066254307377,0.8020183108759867,1.324719078183904,1.967855240552744,1.106099128069199,-1.8884923194458532,-1.3444604388058137,3.354806594264826
63.22108104596142,-0.9804414404518699,0.7342846273503298,-0.5895569354097598,0.49743065784270063,-0.11607313346185504,1.1780244575758725,-1.2279465727875776,1.4654959180402127,1.2818380875050615,-1.4988010876641003,-0.17764338801941262,-1.3578575913705273,-0.11640138998196595,0.8405442617587857,1.2574640335182554,1.993724043462251,1.134390373486096,-2.042474767628061,-1.413457489706027,3.329048445580145
63.13466954035571,-0.7174934023215028,0.8566804248709988,-0.7323430953305123,0.572834260085608,-0.07457006186747703,1.2247616559346226,-1.1904811626403629,1.7879677059672576,1.3220667882309454,-1.4083763034224874,-0.16714511948723723,-1.5332608038303743,-0.36359407851750314,0.8095156777402895,1.2889942562860002,1.947432614498172,1.0983897098179782,-1.8320014772341455,-1.3198401255105547,3.4351269967239464
63.15816030378069,-0.7205853325496763,0.8238327691612455,-0.7261561578724723,0.5786166826012163,-0.10253149314005076,1.24516038916814,-1.1749581467812789,1.7720786250052505,1.3131985770927777,-1.4381106794782892,-0.2331473365387168,-1.5218388453102487,-0.33220672450803657,0.8030168414476059,1.3416741249937236,1.9646928311230483,1.1018968073152418,-1.841944950268181,-1.324750003430523,3.381463276705205
63.121507386848386,-0.7244009436643396,0.8909422364659078,-0.7070476309847106,0.610639299144735,-0.2221830589468463,1.1986703254794877,-1.1493523814110027,1.861342062392479,1.2714252556123753,-1.4412034950959318,-0.23334464164148197,-1.4989658579253304,-0.3530223064244573,0.7465808399227439,1.34867511881146,1.9607309743197847,1.05891372140143,-1.7694232841172024,-1.330391440471614,3.441279438765714
63.200855616910026,-0.7221166678649044,0.8379977652970857,-0.7670181631716755,0.580042303980372,-0.148980293517735,1.3397782768467137,-1.1019151308461181,1.7528463854212433,1.2958116154468196,-1.4415480373736984,-0.254703155527912,-1.5342705071301121,-0.2793745450190047,0.7967810735530523,1.3376342163173374,1.9160366228991985,1.0218811299952775,-1.9898822759816885,-1.2390082750369467,3.4673833761273745
63.168472384455676,-0.7339296173341677,0.833209882700122,-0.7506419731878956,0.5764178577087992,-0.07732359220316978,1.1787287457522226,-1.179242564751658,1.7936538570001685,1.2860982609087865,-1.4424240361338032,-0.23406382591781671,-1.5479162593613514,-0.3076137563851926,0.8045711483074134,1.34740676097335,1.9563311756484425,1.1021059163364209,-1.8313354771029415,-1.3242412600046545,3.383729700981529
63.17861090068625,-0.7300357544574719,0.7888548510638871,-0.7379477876013808,0.5654268240104036,-0.07384981986350521,1.1492600183966617,-1.1642216908681278,1.7704730289784316,1.3426126756913128,-1.4341342708926346,-0.22172673455899714,-1.5621373659038194,-0.2997972539970615,0.8071477621042263,1.3088121983113603,1.8951725977503944,1.1189902354454981,-1.7969193855785068,-1.3091228079820727,3.3752479932164765
63.19073977264843,-0.6911439892264606,0.8080418743073933,-0.6774376514007561,0.5094976322587682,0.016983783951136772,1.2453627490666488,-1.1887194110648596,1.7589852842676126,1.3458414805931136,-1.5131106846706217,-0.2606186851036722,-1.5568360290941952,-0.32757429368585683,0.8133682014942215,1.280772528631269,1.9478117860475066,1.072276423981802,-1.8078934656490575,-1.3877354790296341,3.4640068375821933
63.068937899646095,-0.538701682939634,0.6752442214707025,-0.6706450318728993,0.39328490623935614,-0.07795914645202995,1.160835462472908,-0.9094296940036294,1.845480007382985,1.1625590455804973,-1.464185832282303,-0.09350239708614735,-1.4530334616106757,-0.4384578765153947,0.7600623780636722,1.3676489767525362,1.9883870284998315,0.9634964273920947,-1.6757597984557029,-1.1362510788059423,3.4190323331529733
63.17621631053972,-0.7371491445211515,0.8139076314766607,-0.7276640663948619,0.5558532159368148,-0.10361881056114274,1.2803533521900725,-1.250678544981851,1.7767678060571832,1.3110397768811899,-1.426059319738669,-0.24113195719300592,-1.5613414210877277,-0.32651679307951803,0.7802914147478616,1.3439870924416233,1.942475887578507,1.0984905042747373,-1.8206876464566113,-1.3293991547172315,3.436960226305665
63.15900878454862,-0.7168604828617099,0.819397026983666,-0.7283874287967576,0.5766757753770737,-0.09679675534840512,1.250139159743044,-1.172806747334461,1.7680492083816814,1.308204216565513,-1.432166948832015,-0.22507475453739728,-1.5189183059470335,-0.33154036309204826,0.8035728471873808,1.337036544627106,1.9683223252114912,1.0989259405821972,-1.8434419823853212,-1.315073704477997,3.381678947019584
63.2484068680324,-0.7507255133471405,0.8913202998300928,-0.7248572005011084,0.5230607526849944,-0.02769924278186498,1.1916820588355412,-1.1272013463169106,1.7157226280768478,1.2709761217923383,-1.658364582617524,-0.3004303053932378,-1.5530429511172514,-0.34714197253042894,0.822091291129428,1.4300229017888817,1.9415391162194677,1.0848578267620013,-1.6428358589360466,-1.3080389760409983,3.463296880978865
63.14630004933539,-0.7188386281616643,0.8171120333983646,-0.7406104259407303,0.5794712605122287,-0.13420307568454784,1.2436707487597591,-1.1768633693959079,1.7447499916167724,1.3137673482737102,-1.4378149930793551,-0.2283829130407872,-1.5091495381770752,-0.3255822757443824,0.8124967346780155,1.3419152262967102,1.9568854496279842,1.1017189919201025,-1.84162225221734,-1.3147953818814682,3.3933658635400064
63.16993684170178,-0.6932926232953016,1.021964782388882,-0.7711925831315569,0.5207516507713355,-0.11827614259296523,1.2181816204593583,-1.219381493247399,1.6672445475942788,1.3985405938938456,-1.4254405104485555,-0.26743752841849694,-1.5544073906960263,-0.38710826451793107,0.8619021099012545,1.363174529898225,1.921049245373151,1.0992185478176761,-1.7220591001862533,-1.3822260027948363,3.385621937236397
63.01419374901466,-0.6446355122880132,0.6822916497810526,-0.6320545717993317,0.6522098538183679,-0.1812666467027117,1.3078481364157528,-1.2029702130365272,1.6779348739603577,1.2925578402669378,-1.338079041900964,-0.14989133969854987,-1.5496678337051975,-0.188909680415262,0.6624078593971487,1.0963729512035079,2.203631111755721,1.1117006060615378,-1.9312131917464974,-1.3537997818213476,3.3526173722029187
63.16879540901124,-0.6989039379167938,0.8317844030633222,-0.7517680366468703,0.5823949260141331,-0.0213403617700413,1.2542812537549068,-1.1812630976377454,1.7677905889667902,1.3139853190550674,-1.4585390853045,-0.2141011027281612,-1.5286656210325573,-0.3185965090575566,0.7953591168725382,1.3305526404405847,1.9901778478978391,1.1182230612759616,-1.810138314292305,-1.3134828008556303,3.41523617449536
63.16154166830363,-0.7410711273550414,0.7657966323372744,-0.6755396063662499,0.6022806016586842,-0.1432021158871544,1.2621879447241862,-1.178030693679175,1.8179455474853161,1.3087892482417804,-1.4946913406310582,-0.274358002191806,-1.52839965393711,-0.3223110423141047,0.774555979256634,1.3938215886727772,1.9297126178225885,1.053803990811332,-1.79160663972478,-1.3303300226145993,3.4046382957632875
63.138906483248974,-0.7378074255620257,0.8331634446569404,-0.7407476538984706,0.5550232700233785,-0.06757716476487476,1.25377375599898,-1.1553854567282755,1.7220137645359166,1.273785166705063,-1.3762972538022853,-0.18587503014127194,-1.5034663568799138,-0.3529184411844357,0.8326900205772253,1.2661979680435584,1.9856799202421633,1.0941917255948679,-1.828298721026156,-1.2993033054912055,3.3891505983369123
63.13202751894339,-0.7290037198407294,0.8353387192452922,-0.7083659886948986,0.5864017724028203,-0.09827400386255393,1.3927415825874516,-1.1770070850168521,1.6919194528741106,1.2929643429998692,-1.44972767619453,-0.21069843107893554,-1.531137107802448,-0.34396831161862335,0.8101776645304611,1.3396144282919438,1.9750501047276598,1.0997252451825605,-1.8404549134821047,-1.363741921243359,3.389532158307114
63.13854014153712,-0.6998002540435766,0.8598559992100895,-0.7378902067954258,0.5731721595396004,-0.08972856931318413,1.2240761527881623,-1.1752948446839606,1.7753479375970054,1.3164538897861078,-1.4258152741852768,-0.22561748080627958,-1.5468794536679196,-0.3290885120853747,0.789056216779584,1.3136944838268971,1.941300466464836,1.1129415715146025,-1.8062198810667647,-1.3277413834492229,3.3817950246943327
63.1834511270197,-0.5971824891413663,0.8626856183285807,-0.758790928712073,0.47031245971024466,-0.28171971074428587,1.3549005463379111,-1.1643336836671399,1.7905427387282737,1.345882283202028,-1.5277069780425627,-0.35873494786499044,-1.4622423481214721,-0.24460546962885282,0.7351124405099597,1.3810830900542015,2.0297019689231295,1.1300627059775648,-1.9269572717738002,-1.2766065870758987,3.455634663534077
63.13079699872402,-0.7464829791138939,0.8391966979357905,-0.718852946670826,0.574617520046981,-0.04324313814455429,1.1713071246503122,-1.1182809923780848,1.7947380168528968,1.32418905163773,-1.428510960356718,-0.21392295348162346,-1.5123361562687299,-0.3117831536356214,0.775497432642853,1.2841273280936856,2.0150080138219084,1.1261715547597886,-1.839386825491992,-1.3273520017449048,3.3923140583316
63.14797900148347,-0.7051973438189327,0.865706259592909,-0.7171397436694585,0.590885903350789,-0.10987788070822427,1.2499269321964772,-1.1713820722795714,1.7690075523868347,1.3045283824428995,-1.4367968404101208,-0.23193767731722975,-1.5235457971264088,-0.3337508810103115,0.8014545636397914,1.334307231835764,1.9677417107517172,1.0975388130498585,-1.851891604234441,-1.3196526042309824,3.376106082785521
63.172454838580464,-0.7079728741048711,0.8063246791113334,-0.7049780708389192,0.5984545249477696,-0.09752985823757772,1.220582523636346,-1.1828458154632848,1.7855248042547367,1.306671752110536,-1.432199419516366,-0.23900047523320694,-1.516765141163356,-0.3392868555320735,0.8101216599128641,1.3488051543913535,1.981047751406823,1.0831787159297253,-1.8483923949084562,-1.3196505395127163,3.377322888317635
63.12832476096919,-0.6546035994157764,0.8994805407134258,-0.343497446991072,0.5188435526776081,-0.14642833354156748,1.1089284240517148,-1.1518050278485161,1.9269828901311443,1.2214281476530573,-1.540573642294995,-0.3317754163032278,-1.550368485291213,-0.3487466828605806,0.973114805774184,1.3797811575100194,1.8484475728208578,1.0855741638263883,-1.8464196971872986,-1.3529290003692034,3.338362504315382
63.1351984537316,-0.7134130671959593,0.81114546210369,-0.7132372060488503,0.5530396066153794,-0.10149150571250408,1.2278571160678253,-1.159288484226671,1.753544417464466,1.2987286250426098,-1.4338790909670447,-0.2635992949272242,-1.5378286534994055,-0.3308627258739794,0.795075923264067,1.3979365874090806,1.9855815597365607,1.0983803703161563,-1.8579472003813173,-1.34289182283798,3.381391502318436
63.192686608160486,-0.6927253272983256,0.8581441246843388,-0.7592346875352233,0.47394728679443443,-0.07961447373650482,1.2107723271301172,-1.120878237033638,1.7558900032457034,1.4067324609239877,-1.5688938862850792,-0.26141480609831025,-1.5744504465222124,-0.2791071428663178,0.7704511399696421,1.2484250455915782,2.0698098253516317,1.0878085262061972,-1.7590163826552483,-1.3336500193172631,3.3723361966418164
63.08635491020485,-0.8893476387769842,0.8415209693575376,-0.7096498887418443,0.4403394870063129,-0.015562947485233885,1.228604865367345,-1.1444645231616513,1.836446264521771,1.3570780649375678,-1.4674672263213653,-0.17941372013142579,-1.4884696835385296,-0.3120682646030695,0.8105123925494021,1.2782754201255322,1.8313216081452441,1.0000646394866881,-1.838266363530172,-1.2427902904551238,3.3964985405559003
63.178218026544506,-0.7620851734113745,0.8267085014920432,-0.7390013523541094,0.60952515783694,-0.09905188318008776,1.24141337364528,-1.1331244877469686,1.7719106787511112,1.3348223521533618,-1.4901351500901243,-0.25848335228233354,-1.5410529202830587,-0.3563966098658708,0.8097561463728808,1.3223833614767098,1.9875589408571028,1.1358523744201237,-1.8920199713728483,-1.3321886003566887,3.386899383240589
63.23180344800642,-0.6868742221060524,0.8293220919651765,-1.047629910761909,0.37934418575954887,0.04922046276856643,1.3317222128908548,-1.249750916919988,1.8800160582580498,1.1837075584876944,-1.454449851210061,-0.42169009727247403,-1.430925051231941,-0.3858267524785839,0.8566071186808203,1.5006451592585686,1.9534695996013995,1.1591523738338108,-1.9154074643672252,-1.2517510444148099,3.347966352159923
63.20060694202505,-0.7412543719449192,0.8183562134873618,-0.7563205961956452,0.6588512736179527,-0.10138118876221773,1.1825241426430264,-1.1211288937434734,1.6816824794536862,1.318848090235759,-1.5193613351335753,-0.2760578899022238,-1.561588905800332,-0.2999129152799857,0.7906379045601822,1.281590915476347,1.9800601056339209,1.058716064703115,-1.6576311391724252,-1.2676457267862677,3.3848203497756377
63.1442145428355,-0.7366826051047481,0.8466166398264701,-0.7520467270771412,0.6422085639622682,-0.10974308041574216,1.2444442865807963,-1.1586199899522567,1.7800408391147982,1.310594289323804,-1.424466691070464,-0.26178753886615047,-1.5182038012981385,-0.3331634214114009,0.8080617680134631,1.101499134332943,1.939571070339287,1.134348854972654,-1.8246455121412792,-1.3082464002937622,3.3861348249293486
63.19144271233194,-0.7112932195131301,0.8476670546349011,-0.8103007130414205,0.5282603287139993,-0.05417500103072388,1.2844372679743588,-1.2504573550704967,1.7460098469760106,1.3037856352967827,-1.4274081972226085,-0.1951815519183456,-1.4846162885699006,-0.3351005619542345,0.8533677551694248,1.2795722277336115,1.8903714992195588,1.1067035263380074,-1.8569718213410968,-1.3110015902482184,3.383046142592314
63.286608712159016,-0.7545932479803958,1.1063351098619834,-0.8119122474235856,0.508743921781519,-0.38814676213077015,1.2292060348712275,-1.1152237918180188,1.6823906033856817,0.8770246357261824,-1.5111499117668306,-0.2080940165128855,-1.2429682574489793,-0.40945601808057536,0.8901370812405849,1.6976232677692342,2.1937323174714134,1.2169139816565668,-1.7313371714231813,-1.1840708178297532,2.9200734555431027
63.257137625585536,-0.5475866529440347,0.8721922076479385,-0.6383030631820215,0.4094909976639009,-0.20939227859318565,1.1010832352621103,-1.241784211401771,1.6749507911239991,1.118262407740251,-1.3627802288885653,-0.11223403799772028,-1.2881657423685622,-0.3370508619027502,0.8952707804555138,1.45641890022301,2.3358785619847495,0.959345178542794,-2.064034643867551,-1.2764483891902532,2.997335515016831
63.304859624859034,-0.849859346047206,0.9216658146394242,-0.867292813792074,0.6522454978928546,-0.2665201107312082,1.1708141545606425,-1.1520212110558303,1.776346410573765,1.363236468510973,-1.3368109510931085,-0.19846509307550592,-1.5232080148806895,-0.43303942478506585,0.9446078581542742,1.2156493659849872,2.000018806597527,1.2928987203215168,-1.9241312267960546,-1.2920180597013367,3.4449934653476015
63.129833025781274,-0.7058952218848662,0.7689612594994929,-0.7739542399115737,0.6379525398471448,-0.06623125846941606,1.1851386011369711,-1.2017150443448479,1.8077565587298983,1.3202351458836237,-1.4526883063930878,-0.14015514132335619,-1.616901474217916,-0.2998377655001387,0.7888062486821454,1.2886559735879912,1.971064166265212,1.2098563201331307,-1.86252598788035,-1.388261864799772,3.415831968504059
63.15447700726325,-0.7263130838672667,0.8296469453517128,-0.7285696990544482,0.5776774774292375,-0.10459123315151718,1.2422675575708892,-1.1729660921140164,1.7729686532194129,1.3192264974251104,-1.4373235254140027,-0.22513660115073064,-1.5233569803071376,-0.33139750175616256,0.8000260639511497,1.3460450851036547,1.9632823073563546,1.0984320333467454,-1.8409353249050242,-1.3192646065804372,3.3771641929831757
63.09379640939432,-0.8416586196792384,0.8271754459727049,-0.7328218922116536,0.7560548584545794,0.13968245292216264,1.198193288188919,-1.230881674972023,1.5393881878889628,1.2002482356348898,-1.29191111208065,-0.22880877745147996,-1.7014806331117214,-0.3373656902641908,0.9211703740028923,1.5253673483070767,1.783849538011966,0.9095088731665325,-2.1633947052844156,-1.3594132369102085,3.3887950785509884
63.1188455772588,-0.7807231716674858,0.8055048022052317,-0.6590787501181472,0.5185670921043015,-0.10905890687285424,1.2016817943525848,-1.1805656840492484,1.7482728263261753,1.3006408236536335,-1.4779705714799705,-0.3015524935892647,-1.4518385293913907,-0.37396238950287963,0.8142181292976838,1.3294320711367047,2.176264356897785,1.017157818452729,-1.7853689319544632,-1.331343315542701,3.391205197077001
63.15861371194787,-0.710066957081111,0.8195000989590882,-0.7247547657814479,0.5799771890482901,-0.1080751382881799,1.2543585723774218,-1.1740309515373584,1.7758459195814997,1.3127327561708815,-1.4310789757360032,-0.23143800278238844,-1.5224453517114764,-0.32945320239563375,0.7984176870989697,1.3421940493183695,1.9584301658154406,1.0906611495756686,-1.83512552618659,-1.320200982327568,3.364400617165332
63.22847606397943,-0.5380395308107091,0.8233116732183999,-0.8008514274777946,0.6284792708110303,-0.053990828523330314,1.3193463000145977,-1.0250559607962877,1.8198580888681815,1.2592037340408413,-1.195443715335484,-0.3330118931588588,-1.4753685837609796,-0.29859531014411395,0.7856309109121542,1.381121878206206,1.873613589546554,1.0372299372650011,-1.987147008797995,-1.1830655140838036,3.33453913410758
63.02830122552361,-0.5353341434623186,0.679867114438475,-0.7289569537185158,0.6811560053549673,0.1725099114795634,1.3835239830112365,-1.1490938422797405,1.7813202954848046,1.439121063468433,-1.401778250565791,-0.23355703965435712,-1.5159182226574979,-0.3380552730767427,0.7098464448816616,1.3416450997250169,2.1547409233716377,1.0928555027795248,-2.033324265121271,-1.2328038192129378,3.264396699670881
63.11982907264038,-0.7555206456163522,1.0466689216247644,-0.7401764902981545,0.620156647006587,-0.14334545718743197,1.2995960101170219,-1.2338226675356412,1.823311654352092,1.4092306006222457,-1.4783266818962382,-0.1938630006066043,-1.6523186001560308,-0.3669809483261109,0.8218773827873455,1.2695781162158648,1.910697603443674,1.0362602226373365,-1.7137632815043389,-1.3097601148873679,3.3015446642256574
63.10245907951327,-0.6781646390497601,0.7651038048118051,-0.7714108888595014,0.6239809185428455,-0.05061247615725738,1.3183689766678703,-1.2148325681977,1.7480033194874287,1.2972515847698383,-1.4377235729025566,-0.12998943455403744,-1.6133418380323528,-0.3664604327149371,0.8201151347124149,1.3194488434184435,1.9302286087221152,1.223494486549284,-1.884559312492746,-1.4098509792388625,3.3974504318885095
63.098853612283946,-0.7289563333744506,0.8354533922011509,-0.921226647467511,0.632796875342621,-0.013313468376088692,1.16590652380088,-1.1742728585342503,1.7808532320582449,1.1957970951085686,-1.33608278429435,-0.29465535754719757,-1.6714597318671511,-0.3648367634307286,0.8776192558000553,1.1841513727419504,1.8710791154313302,1.1938064961965915,-1.8110226777804168,-1.2782071348118993,3.428173941923624
63.184103115576455,-0.6963053687449087,0.8491760552603379,-0.7326370537115389,0.6064197718905301,-0.059958339197183304,1.2015119128979337,-1.178747978517989,1.8333613978440162,1.2982563624526418,-1.4286517468429774,-0.20294332789832295,-1.496781418569033,-0.3314735525183739,0.757579918322354,1.3603804418158352,2.0023775704459523,1.0669134034610495,-1.8981956808106775,-1.3178568286561896,3.397428942648166
63.35405095851337,-0.4933023614833948,0.9880734893277735,-0.3392547530318219,0.7706103573255588,-0.17414713606799684,1.0052651077249921,-1.1294676527903953,1.6819492802112965,1.0194694294065898,-1.4454752129522928,-0.2570616357307499,-0.864208429279348,-0.39567664217715065,0.7092289102711506,1.6506042766380513,1.767479489696808,1.0482885972264053,-1.4689572432903366,-1.2134246215387816,3.4897882225763426
63.17019715438088,-0.6851318879955873,0.8637698807220919,-0.7265815335314874,0.5380373609744934,-0.05949716482574799,1.3112348050352818,-1.1747810898154771,1.8837226367014688,1.2626713668281535,-1.5185065989065023,-0.23761016194381726,-1.5539868209451349,-0.32733406538248744,0.7822256062462042,1.2986377989001883,2.023199619892899,1.0649139449267668,-1.8277866214552239,-1.3055039589730169,3.37223656850456
63.13168370068642,-0.7008813604364788,0.7920076563808345,-0.7604704829243697,0.5884324569658688,-0.05276649414434793,1.2299082362080138,-1.1667439207613173,1.905135199649645,1.2907042941576607,-1.5457865433124554,-0.16298316952532788,-1.455000518435164,-0.33347987166772863,0.7814051363121456,1.3919197270702717,1.8365053269197997,1.0825816861476245,-1.8231438848737487,-1.2191573938532627,3.3734709194052304
63.24817244554324,-0.7276014177123757,0.7717929659905209,-0.6190095349944024,0.5105807296445416,-0.0672692367027195,1.12834872196865,-1.2157513392319503,1.7131120911353692,1.472747873638586,-1.455372550974601,-0.18970898100523564,-1.6006121289892343,-0.3635561817715797,0.826552533787952,1.4355488350900734,1.793716742234873,1.1538493479760605,-1.6919637171739053,-1.298683766514412,3.357111332957539
63.17302139036873,-0.7232301234683792,0.8194493409834329,-0.6908698750818564,0.6187541367379831,-0.08712958375183774,1.2472703855151668,-1.1813533396530667,1.8012549424464022,1.3290757192121665,-1.4200048988162137,-0.24396019422211315,-1.5230437775804737,-0.3317272696770622,0.8036571855566605,1.1605634595301653,1.9737435673894679,1.1110056888308164,-1.8367581445171766,-1.3194362797275814,3.3930826081100394
63.13848870848665,-0.7395552269442685,0.8673972864886944,-0.7408135577264526,0.5752308330913397,-0.1049789662319174,1.2289544466098148,-1.1552745367964259,1.7930636652596548,1.2643957296209398,-1.4217357865586184,-0.18763399406354003,-1.5402734728052199,-0.3043656493438002,0.7781306502500619,1.344547853365102,1.9796729246261735,1.1477076351603097,-1.841145751456349,-1.32797085259535,3.361976626808123
63.176134277495386,-0.757735896128406,0.8308650891256668,-0.7244994920008008,0.5955324426654662,-0.08743435027857988,1.1925258216021504,-1.1593466684668905,1.7795160468004885,1.3233388369029748,-1.427354598769062,-0.22490967259788583,-1.4844856451679358,-0.3415826252302851,0.7940099323942594,1.3347463395721364,1.983839077428479,1.062002557623509,-1.8053353846276514,-1.2990336270317937,3.3430626850141363
63.20804274035963,-0.78864547706467,0.7123265327330527,-0.6937035812402018,0.5267111813486826,-0.1185200939605098,1.35365691385061,-1.1311639018032846,1.6962206518966796,1.3692401001681909,-1.4146971782199063,-0.167623322554225,-1.4766657367739306,-0.41267521049482586,0.800000623736482,1.3418159990469263,1.8346234669977088,1.1061590836243744,-1.7245684209247258,-1.351108321006127,3.413052881533114
63.22689712050469,-0.743472450724699,0.9295754453430696,-0.6450474122872588,0.5743473343757735,-0.12523772479612655,1.142383317981057,-1.090829414052176,1.658980568329742,1.4548041001876728,-1.4734298036971232,-0.25384446230692137,-1.3862243965790952,-0.3588134648950843,0.8203611495636987,1.2661989655799795,2.031130300556013,1.0731793553467457,-1.7066143317164204,-1.4331863929249895,3.3854296160134307
63.22022376536154,-0.7339410939199476,0.670387406937622,-0.6475072407322728,0.5623906142817181,-0.07327089386486406,1.1387659381679474,-1.1939850814250352,1.7995201118807418,1.3383059473322074,-1.4931422454290872,-0.28295922650222954,-1.7235466388503071,-0.25767428854643554,0.7994375900437285,1.3516094485698513,2.1780228635771826,1.121554696406174,-1.8313400618910811,-1.3446243155916406,3.291244745886652
63.09520912900638,-0.6519816549835772,0.879336146950987,-0.7239181517356028,0.6163206729819138,-0.12662290901883982,1.2733637900715995,-1.171265423582186,1.7884159408607938,1.3328946610037569,-1.477123656107452,-0.226277939984786,-1.5392833342821388,-0.2939016958728615,0.8081530942856199,1.3597042849970449,2.0020247639442714,1.054604716353661,-1.7614114683989726,-1.2855972994441407,3.033206082887228
63.241540047758605,-0.6187771960117162,0.8056265601563013,-0.7059823860456371,0.5213360309429838,-0.21571914073809628,1.0007918951483714,-1.2285434228771759,1.6261750927617846,1.2678278077099399,-1.171377546489359,-0.08868931845481803,-1.605974316289562,-0.308923481345469,0.8210238786207205,1.2972995861347565,2.150984734252111,1.1414073196406727,-1.7209949355684455,-1.2842524384529144,3.4039872315817936
63.1658227654238,-0.7047894801470597,0.8322295926166964,-0.707988957938868,0.6011474180990283,-0.11007632707380013,1.2415431583269194,-1.1762524460759491,1.7687158065804325,1.3335621741764705,-1.416099366940898,-0.21388752544665285,-1.5554888418145527,-0.31680563589463856,0.7798848214408274,1.3425181926113265,1.9877657700059341,1.1093185325797241,-1.86041488664354,-1.3115869423103204,3.3609235224661664
63.152784940576694,-0.7237926261629407,0.8222546423803211,-0.7245806034063017,0.5783088154354162,-0.10264075131585172,1.2441771869300764,-1.1733576046046825,1.7692680021775207,1.3121872409109512,-1.4412874019248265,-0.2382305319446776,-1.5142469917463317,-0.33441818029980375,0.8004286521444014,1.3394447193446295,1.9576900544393623,1.0969172203294837,-1.843152687475216,-1.3198513959547729,3.381173324693794
63.17732730051487,-0.6943069069989363,0.8341733172196759,-0.7673227575682705,0.5557349543312492,-0.09156589539645228,1.2007843551343074,-1.1897871894950864,1.8204439056040829,1.3296716194619687,-1.5017543196469014,-0.20180791561900283,-1.5171421291406373,-0.3150044343866325,0.7661718559232669,1.3402469585975543,2.0329714039842974,1.1515546277952453,-1.8902294006960902,-1.3592909189317637,3.4116678570379375
63.14568983410109,-0.6993675914988456,0.6419276193742923,-0.7037148754254543,0.6184679030188533,-0.13054066795359695,1.2813063036076662,-1.1712929869542754,1.776934167461893,1.3416921032682065,-1.4503617022839326,-0.21875026475912507,-1.520621402055877,-0.33194082066927255,0.7756827883276001,1.3826851435419831,1.925501413262765,1.0961178324021439,-1.7872019456770216,-1.2935159667891476,3.2975360312824304
63.202202250194425,-0.9790686286888945,0.844332730649844,-0.7025138173128801,0.616978314266031,-0.0677323774444137,1.2266607770644342,-1.192277443781569,1.7529048769251834,1.313040913571942,-1.4261885026622703,-0.19568354347015438,-1.479603354002239,-0.35473981539075,0.7786607126587203,1.2436903819191938,1.951003305536076,1.074337652246352,-1.8333092441652792,-1.2856608658694146,3.4075421822070022
63.151611220562714,-0.7399533463014468,0.8247755193791162,-0.7282290221541304,0.6088066871474587,-0.0724545706825151,1.2100147771422085,-1.1693508992331794,1.7859013235089074,1.315907594529782,-1.426275558594418,-0.2315068212102143,-1.5331411715609056,-0.34647444814231243,0.7896288778062536,1.3336489689505513,1.9552023140919736,1.0937447135456968,-1.830438303387254,-1.3169601650399216,3.3800547256761497
63.248740043460664,-0.8407351940204116,0.8148208424558933,-0.6148011129106801,0.7261417507295561,-0.13150646912178937,1.2086738487851063,-1.3889191691007061,1.718563633347587,1.3464867378685106,-1.361197339300672,-0.1690895160486044,-1.4307649054449751,-0.3368678864827808,0.737751242699044,1.4045214481224793,1.9804765403528723,1.0076314903092276,-1.993777088179707,-1.3773826204868866,3.2096314051726824
63.14402661443192,-0.6880834744564498,0.806706418773623,-0.7207225232422494,0.5703017465320276,-0.10663401706519864,1.2206625109295561,-1.1929365763512507,1.748353995580218,1.334037952256473,-1.419294701552418,-0.24212021778813086,-1.5033308967677135,-0.34755763601966333,0.8034860835643814,1.3424420601132903,1.9485614369146782,1.1249285306901984,-1.8336975302690248,-1.3259028047302595,3.3752012947749526
63.107327997955224,-0.7584802197426421,0.8013828410746502,-0.6681496023695116,0.6124076754536976,-0.10321802906074966,1.2025528748959338,-1.2334556727074464,1.7558453680753987,1.2911876659769168,-1.4458376636888852,-0.20769470831418188,-1.5868920750015996,-0.3213980480296122,0.8049744118378853,1.226977017539257,2.077171054147319,1.1687380326349688,-1.8285114742665407,-1.2581641154075107,3.3530521140821867
63.2133338859032,-0.7253718497389703,0.8004950418223384,-0.7413211571259729,0.6604673889794893,-0.10730406031597407,1.2859215111681799,-1.1658905737588428,1.7093080455213152,1.4004473973449372,-1.4163966102424188,-0.237265877069974,-1.5794210730413818,-0.5631194994426273,0.8335404563865807,1.4185123989935091,1.9086746472574025,1.124731274649792,-1.8231789176800475,-1.2544633431104095,3.3555298849244033
63.318301396164856,-0.8956782321722216,1.0011219485411804,-0.6881632798781412,0.6881831210600963,-0.14670877563491888,1.392692553004422,-1.1841063326209191,1.1204598017852039,1.3318586212303603,-1.6013900941323733,-0.3485057940176609,-1.704225632357105,-0.3554110022722099,0.7884642018375922,1.2729068079745132,2.0408436825395375,0.9645226456701932,-1.8270178853455104,-1.3192390349426804,3.572893240351433
63.15079439124564,-0.708151450071256,0.8303834708446496,-0.7226815344581377,0.5837431469957618,-0.10771839752593136,1.2321648854419553,-1.179860806963593,1.7646660140121,1.320921075900627,-1.4220402472089895,-0.23508610673480038,-1.5293450925065568,-0.3327453932054195,0.8002068838728323,1.3453925937601632,1.9781437243468016,1.0938000675167794,-1.8487121999230256,-1.3189535692436045,3.393917264738055
63.16017985799716,-0.721699128281937,0.8234465506559219,-0.7296718535685263,0.584456113670779,-0.1031218444083271,1.2335079716951851,-1.17593574670644,1.7790481077392781,1.307600515182049,-1.4288594143517688,-0.2330949269480175,-1.5221487826950824,-0.32441710793761813,0.8023022107473696,1.3353768097408765,1.9695893025621873,1.096337363780414,-1.8384737028717426,-1.3279145178425797,3.375667792148112
63.24033363821397,-0.6828577778570416,1.0191661095026718,-0.596230612301842,0.6878191509202225,0.033092898561546694,1.2619993638255764,-1.17518226475105,2.3148011397427637,1.0043828818154539,-1.7457641789473597,0.021883604860508533,-1.4771850891918097,-0.3879657061490866,0.7240301433025434,1.1739898903746,1.6940946583583827,1.242633345625769,-2.0655143456549965,-1.437671500640391,3.100978417583783
63.16550666761583,-0.702898755153473,0.8233774593922253,-0.7125591657969498,0.6061636976297508,-0.11659696593829709,1.2763895842134043,-1.1663653674943184,1.803857210295531,1.2979921661834959,-1.4538709670384071,-0.2022168256966315,-1.504037660791089,-0.33754369455427596,0.8032422468892524,1.3509866124683323,1.9509498965239265,1.0530892198362094,-1.8468341926546896,-1.3791844947670078,3.339822606688809
63.15482679340366,-0.7191194043258975,0.8262631921274659,-0.7266072707895659,0.5810651967182149,-0.10492695510106234,1.241778859581957,-1.1750606616412709,1.7696872974700502,1.311934453771126,-1.4358867785292684,-0.23279618378386466,-1.5178106358234722,-0.3297898441672284,0.8000269915591148,1.335511632751574,1.9659350702642482,1.1038811492252394,-1.8395890581520127,-1.321966846562668,3.3823393055535496
63.1133653947764,-0.7592663458983846,0.8713735136457025,-0.701135189434154,0.47169422384819154,-0.09597857893190485,1.2129086976346257,-1.1399795477900347,1.761979185162343,1.349350419938573,-1.372997613220668,-0.2295801685998429,-1.489203061012802,-0.2957156806510834,0.7864380306094796,1.2618223772600372,1.9310627487449283,1.0808623709240979,-1.8437980394354854,-1.2881036175213185,3.316067900686978
63.33054584796911,-0.6358577717511719,0.8410685109064252,-0.6975349458264178,-0.1113829879754408,-0.3957318313661472,1.2740887729598702,-1.1096421096788147,1.8361659658932121,1.8644300793144217,-1.149018638892976,-0.30069548219265363,-2.024545103289076,-0.44794678513065667,0.7167248193757749,1.4455367339495977,2.057295231831894,1.1842006086413857,-1.4253267666993665,-1.5220338443279795,3.655179669897309
