Intercept,AMY2A,AMY2B,CELA3A,CLPS,CPA1,CPA2,CPB1,CTRB1,CTRC,KIRREL2,KLK1,PLA2G1B,PNLIPRP2,PRSS2,REG1A,REG1B,SPINK1
63.93415349386934,-0.46930334979149846,0.13865267273049706,-1.4808802041671343,1.7856750124333134,-0.0,-1.6958571588409908,4.122957934697788,-2.2467003062655566,-1.3525695333213332,-2.7299369978955097,1.4396219569364082,-0.40857742393863844,-0.34927980366512157,0.6911001537805107,3.556414381797591,0.9932333048146834,3.804760327687004
63.99871241330118,-0.6742631261505344,0.0,-1.711086266965459,1.9984550100032998,-0.0,-2.0636296490126003,4.983091525101099,-2.673707121155183,-1.490706099835738,-3.583116159171969,1.4966084607869548,-0.0,-0.3555054697631291,0.623509300934001,4.482755869925977,0.0,4.895154604407948
64.0469086734253,-0.7082577225374003,0.0,-1.7508167191046344,2.0452750783484075,-0.0,-1.832069730890258,5.042820572854615,-2.7775572626863774,-1.4142632882589767,-3.832532833322297,1.4739736686301042,-0.013698210199154836,-0.3577762751740716,0.5800936066156854,4.434687809653628,0.0,4.879091731834941
63.898511234872785,-1.2144518393838364,-0.0,-1.2731622770435922,1.8854264112285561,-0.0,-1.910786075180218,5.471333219827948,-2.931566309741208,-1.255588204552066,-3.438134758759744,1.501817637674068,-0.0,-0.29354653809028963,0.6371202492183273,4.43619433846802,0.0,4.523644277580235
63.98988890590499,-0.7231639530517856,0.0,-1.5351149934385668,2.0865860048515947,-0.0,-1.9147295073816142,4.98557410290793,-2.722106538091197,-1.4379409156279963,-3.6486167151908933,1.4255523941913777,-0.18578013672521596,-0.3604251978302518,0.558219709732658,4.442080090362883,0.05545758194225717,4.8289407894111696
64.01723617256113,-0.6236529424322916,0.0,-1.6718000152525765,1.933946477894653,-0.0,-2.001800570057195,5.073779712727545,-2.796396543317421,-1.293346301058526,-3.92070114842134,1.3623942564746212,-0.11700594514976266,-0.35694520849472855,0.8617732038627972,4.284663936232298,0.0,5.193238196640488
64.03513582871587,-0.6169723875906961,0.0,-1.725678139034807,2.027169935011537,-0.0,-1.9839002877150316,5.097591375227377,-2.7485055363357245,-1.398552916811797,-3.8400442820206444,1.4647723375541144,-0.05893164240332919,-0.3512378755395055,0.5664610158275553,4.445366954195209,0.0,4.936114064129652
64.03486578964042,-0.617916351304522,0.0,-1.7676641582470558,2.032798940994199,-0.0,-1.9669624470329659,5.034173304348782,-2.7270760237325944,-1.4320287292343072,-3.82654729069989,1.4790751781677351,-0.009615106517092683,-0.339798375330827,0.5325380867891251,4.46342494052604,0.0,4.8955789271979455
64.0014914610662,-0.775482988089491,0.0,-1.7828120327141748,2.1053364651138677,-0.0,-1.6563358421739498,4.323837664096472,-2.209693764559237,-1.3660871816960425,-2.9389327524844546,1.6356553294561125,-0.3969911243309008,-0.3350250560350581,0.5908118081819123,3.390033521694004,1.3229861079397673,3.7514255064814948
64.0399764403965,-0.44201973225229807,0.0,-1.7549281678488104,2.0090190220279314,-0.0,-2.019556390490655,5.0106856928664,-2.7490127397832227,-1.4034648702237664,-3.8788070943538284,1.4865066237747544,-0.0,-0.3511341083936883,0.5321649349840353,4.471213660278618,0.0,4.852888073554911
64.0163567691507,-0.7987978139540826,0.0,-1.70636886340487,1.9797567059460308,-0.0,-1.9624931119938902,5.073348563136042,-2.630564466876788,-1.4074298009089554,-3.6214422931528616,1.4618412428875034,-0.0,-0.3500009057972282,0.4917538214231648,4.530892767569448,0.0,4.907100029286777
63.918093945650284,-0.509793689885091,0.054350719023004944,-1.5382266634023483,1.9404905123660237,-0.0,-1.7256508217210813,4.348473078498169,-2.24680323368192,-1.4541259834176403,-2.890352304715886,1.4992203046835986,-0.2913644674192152,-0.35870734254149345,0.7300941394797213,3.4757483491882613,0.9684202336905725,3.691997957192006
64.08688708848976,-0.7730088013607034,0.0,-1.36407262776608,2.214216601389348,-0.0,-2.06654223890046,5.124840989476876,-2.609241875078573,-1.5411761109909135,-3.796264218398778,1.444192775476935,-0.0,-0.33872403611382534,0.1750497810323625,4.418642859835477,0.0,4.80450090374946
64.05976627516988,-0.7334244504984219,0.0,-1.78025490003095,1.9791775961658584,0.0,-1.9712129281568243,5.176559062505042,-2.6983421657216886,-1.3578604300516324,-3.8566460972138894,1.4838812147701779,-0.0,-0.34708938976544357,0.4010502080508625,4.4577522986261755,0.08385512374720816,4.922071152989984
63.877801135450675,-0.5462637060653525,0.04569787265728687,-1.550607528971014,1.9544732779199259,-0.0,-1.7106516825746647,4.326321502669029,-2.352093013710967,-1.3998803230325088,-2.836218676573841,1.492989608461691,-0.3084265066475967,-0.3623815374296281,0.7568558103755985,3.521583122494642,0.997876125715885,3.6684636621489637
63.9783118384723,-0.6175302922375459,0.0,-1.5177233968864465,2.272794831362026,-0.0,-1.9326437381072195,5.024698858771016,-2.7564246507267907,-1.6785952077645379,-3.8904448260829265,1.5102151942760083,-0.42383458432714916,-0.3352970915468066,0.6389848413866405,4.387897678842734,0.0,4.915785331305664
64.13308763410977,-0.48013588424638154,0.0,-1.4490065972770596,1.7739983982520167,-0.0,-2.1785446235908923,5.053692438824031,-2.3403081387535734,-1.5060847431126099,-3.6281065062024767,1.3442182073798243,-0.44435373353372876,-0.32741122121673594,0.0,5.374879994245344,0.0,4.944470749122647
64.02648054659596,-0.648069248449959,0.0,-1.6737369111174025,2.009344041235375,-0.0,-1.9614159612585085,5.053655630455728,-2.743090758132914,-1.390353372739986,-3.7563218626664714,1.4760953349723525,-0.0,-0.34857196012884406,0.4885050212266017,4.394665044372283,0.0,4.921606746300828
63.91889932298191,-0.5471100399059254,0.03258246724577064,-1.5293825427614458,1.9415980572022349,-0.0,-1.7011736136085864,4.331701943206153,-2.273096525440831,-1.3881565095763213,-2.843286271830989,1.5548587204847955,-0.3359494190730767,-0.3911500151769073,0.7253060956394473,3.6269488641785856,0.9777430257118046,3.5323348555410283
64.01623058847106,-0.46076534115448875,0.0,-1.6813151494964385,1.9752842923979663,0.0,-1.9819179148174577,5.064327791776313,-2.884692065606652,-1.41742590579335,-3.956634205527569,1.478397305983525,-0.0,-0.3519506394459091,0.5213620393819606,4.504126427509119,0.0,4.8010678369785955
64.02656662785382,-0.6206725407083336,0.0,-1.7457272794089973,2.022919723723175,-0.0,-1.960101354262041,5.041265948719467,-2.746520889672177,-1.4301264191965308,-3.792174315364816,1.4721775221486633,-0.0,-0.3479076098809266,0.5240265225803076,4.425327726184592,0.0,4.909410948144592
63.967344896160114,-0.8516017307870645,0.0,-1.385993414709101,1.8387710513250382,-0.0,-2.0433945036692065,5.296284100754981,-2.700187085013815,-1.4120223447546614,-3.587061457235155,1.4716332096872968,-0.013820261417115454,-0.3667355134800297,0.39167420550529297,4.527262934449418,0.038966016218095485,4.959177757425068
63.97403734452044,-0.5915577030105452,0.0,-1.9868262453696426,1.9607139123911208,-0.0,-1.9844515682588069,4.945814317902327,-2.670097032514422,-1.188226709923562,-3.7525601655129557,1.5634254515908412,-0.20279789643175594,-0.36508315845345607,0.8480023628387426,4.571126414332196,0.0,4.6729278783632395
64.06838553317533,-0.5982954751517444,0.0,-1.6963388344934196,1.9173196746017327,-0.0,-1.9231151175983132,4.9293630109488245,-2.7493346567836343,-1.4056927525915828,-3.708754984560815,1.4446782099123319,-0.0,-0.3474849658034731,0.5526318199930453,4.494858768335302,0.0,4.923455022875555
64.04476559799905,-0.5927772107493372,0.0,-1.7620525488219758,2.047224728730913,-0.0,-1.993445082877513,5.044096475605336,-2.7553045133620153,-1.4004538835140066,-3.840858833621541,1.4798163657705883,-0.011535242206516676,-0.34519711255172053,0.5495309828612684,4.46739596648923,0.0,4.9003897507610645
64.03052874474689,-0.5640627227289496,0.0,-1.7282334786152016,2.0620590308307483,-0.0,-1.9541114355697542,5.035248443015456,-2.7119439359805666,-1.4244121166737471,-3.860334256506608,1.4622918050495557,-0.007905589882698653,-0.3525508831683349,0.5086289256210009,4.454718732146732,0.020575332513888107,4.831348604823524
64.11678211671548,-0.5253867968515623,0.0,-1.7647103866840987,2.255811010022784,-0.0,-2.0100113144363885,5.046729533019592,-2.7365564670678078,-1.5740251302635626,-4.0417965083238805,1.5569893114848001,-0.0,-0.3429804671694695,0.5140256757161039,4.380041345400523,0.0,4.881637576451288
63.99320783722251,-0.6416532774202671,0.0,-1.6530965046264852,2.0904157293380004,-0.0,-1.9274293748405873,5.028684241035788,-2.912313703974227,-1.2003892263230358,-3.9410208096322163,1.4615744224525464,-0.17754478624206976,-0.34751264478193805,0.5067411484873154,4.510207523814461,0.018117707853187018,4.747746038176388
63.89199051185346,-0.5578313989983699,0.08262439717507916,-1.5531188216214427,1.9164885229530506,-0.0,-1.689986840028011,4.308449751926817,-2.3456515788008927,-1.3722398151044264,-2.846414042026289,1.4905348101061946,-0.31502758695648736,-0.36104433717296636,0.7582429247607108,3.5323623057878053,0.9791335453866727,3.6635993121837207
64.00849771459968,-0.18597086887926317,0.0,-1.8743972464107657,1.9378167890091886,-0.0,-1.970699711691916,4.849563139484517,-2.621206446096305,-1.4971652236570658,-3.8399229931472276,1.518693758711956,-0.0,-0.3611316405649093,0.795137208514914,4.371403349851213,0.05402760173851679,4.892022829809022
63.96317100101399,-0.4602663264203631,0.0,-1.8579432464641172,1.7888650021270092,-0.0,-1.7401191084403407,5.1461218656216605,-3.1368985981069892,-1.3436299686590576,-3.775046886496869,1.5107907929166766,-0.0,-0.3452088806240573,0.5714065233949268,4.233594692499106,0.0,5.351052793655157
64.0265846018274,-0.6006438369107323,0.0,-1.7828793147889257,2.0126785529980076,-0.0,-2.011779844321277,5.053300953616065,-2.701716354499792,-1.3635716742602846,-3.787445762265952,1.4965538905592226,-0.1270948212802228,-0.34869970355831875,0.6284931972136696,4.447049902727129,0.0,4.866054295928212
64.10598776662975,-0.5984408834533225,0.0,-1.714774779175846,2.0346435662705975,0.0,-2.192993498876493,5.023524006142229,-2.6929500951064966,-1.5140493210465245,-3.529158221385805,1.4758526390903979,-0.0,-0.33341752191104607,0.8836615265178707,4.669163762368751,0.0,4.486894303379212
64.06888556550824,-0.5272211992869053,0.0,-1.7930572849686475,1.9806895123581743,-0.0,-2.0217850106570214,5.039042392529834,-2.7417265444497567,-1.421230251218228,-3.8172866420068674,1.471207100079817,-0.007852342800449537,-0.3460952209626847,0.5479042232415299,4.455941817943403,0.0,5.067454280132818
64.08716311290196,-0.0,0.0,-2.1643757837831483,1.5947438131762819,-0.0,-2.061418967278714,5.319329865204771,-2.974259660111259,-1.1503291606690247,-4.8774153844034895,1.5251557962357383,-0.0,-0.26046309773237375,0.0,4.745373642180064,0.0,5.868963728785277
63.992096965963995,-0.4187860860098875,0.0,-1.781327791548227,1.9183420799957926,-0.0,-1.9782884801040634,4.780377452082757,-2.6368369367937063,-1.5672592758398984,-3.7857104331210762,1.5082556015242727,-0.0,-0.35460265572099037,0.5484104995381881,4.513557806290612,0.006666902422517354,5.0605311745137564
63.89552988712655,-0.5293583892000691,0.027794217233518208,-1.5462550947458091,1.9131076851440993,-0.0,-1.6595257693320438,4.326880485105209,-2.320753833020039,-1.4145949318151914,-2.839887451293903,1.4917603741346217,-0.3665211878130538,-0.3553809639244147,0.7342198630153339,3.5417777052994452,1.0018209418526383,3.6099586994103845
64.07022520518342,-0.7047720379410125,0.0,-1.5483202371054463,2.040365780361662,-0.0,-1.877751847662239,4.932286395013489,-2.731137601326243,-1.5119547356096616,-3.783657430169679,1.5076866542348821,-0.07083895996630936,-0.3450461109214517,0.54973662631424,4.481602486420702,0.0,4.871315459971327
63.914709344168145,-0.21826258949131025,0.0,-1.9510297608218004,2.012641805795643,0.0,-1.9117955083803149,4.963500836356152,-2.209285214713628,-1.9308982577228557,-3.831628601392259,1.5751558772145464,-0.06130439082411804,-0.34673319682431986,0.5641253729564393,3.954928899163697,0.04308188077221918,4.99759589947786
64.02147106862795,-0.6800901618002211,0.0,-1.7066213243964525,2.0141753537975435,-0.0,-1.97498329702298,5.122812537571665,-2.692188234896668,-1.4944867609993633,-3.8770641706617504,1.4600276998271045,-0.0,-0.34802858692979927,0.51527773681837,4.485047150860935,0.03594047536978452,4.922583812515444
64.05700307439605,-0.6481323520033337,0.0,-1.7709049659791842,2.041754193989437,-0.0,-1.9877738413280734,5.02592060056323,-2.7490430706272235,-1.3550363946077524,-3.8146007390935983,1.49423590319383,-0.01217014542060261,-0.34521610070787545,0.5136386166287866,4.49739242480484,0.0,4.8386619880480035
64.02290809258405,-0.5070561508606307,0.0,-1.6172406786277078,1.9770288675891017,-0.0,-2.090618424841995,5.101232263165958,-2.8271034869612452,-1.3349399431722324,-3.8468455673190203,1.481429225046641,-0.06586265319420648,-0.3487805888828295,0.43958253268811137,4.3923157770281245,0.0,5.109876549049176
64.02403955645453,-0.6906846789916703,0.0,-1.7841099331259687,2.0770557270832697,-0.0,-1.9420072248372304,5.0371243489666995,-2.680552322357018,-1.3594993930523784,-3.846165484859864,1.483689139920451,-0.2623886548130062,-0.34938184925753235,0.5941484300580131,4.492398375767204,0.0,4.948737360797886
64.02297675664599,-0.6778796400736468,0.0,-1.7450662707155429,2.1258956323381386,-0.0,-2.0387998110222942,5.051538979303537,-2.7606242120352813,-1.465710586476688,-3.829593058019788,1.4308934659513912,-0.0,-0.3278092282869417,0.5984785115630354,4.411557315085361,0.0,4.982056249036763
64.03803494878511,-0.6128168805831706,0.0,-1.7436653119263978,2.0548919637460825,-0.0,-2.0290187622448403,5.041655236197756,-2.7070645806007003,-1.4008049006612817,-3.8469863132819366,1.4855279625556501,-0.0,-0.3443966440075283,0.5009023332760594,4.4806554497684665,0.0,4.868115106920039
64.01122393627573,-0.49925044620602876,0.0,-1.6825277762421018,1.9776778929887429,-0.0,-1.9165798387869517,5.060775439158762,-2.808373680462338,-1.3292273161797203,-3.804687617992354,1.510927139729179,-0.0,-0.3495883277391848,0.5663269947375523,4.388934963239229,0.02728085733834085,4.799828098855185
64.05317089968024,-0.5865466384019914,0.0,-1.7458912797601378,2.0329157808846006,-0.0,-1.9870045650119945,5.056845338422506,-2.7360509134430937,-1.4105168165189654,-3.869016244370892,1.4779642468603464,-0.01928754338918844,-0.34648988396925395,0.5324978538953877,4.46514362449123,0.0,4.8915508970300134
64.04929696173265,-0.6210924732751028,0.0,-1.7457499227387514,2.043384339518452,-0.0,-1.9874927655643544,5.049563316704684,-2.73785649657554,-1.4058890435097104,-3.8279499169033215,1.4765915691406981,-0.013219731923151604,-0.346841401581126,0.5226536350228778,4.469634720786448,0.0,4.898161006834548
63.97991462309718,-0.5960722540824976,0.0,-1.8144524505778286,1.9610165346447936,-0.0,-2.0325334092806346,4.984884123995127,-2.8737588109692744,-1.4658099059136511,-3.606412832675308,1.5276980979237205,-0.0,-0.3042291434368757,0.4205193867853224,4.619670792833985,0.0,4.937479929046398
64.04556918563986,-0.6203471328897667,0.0,-1.7897848772646918,2.0653365087660163,-0.0,-1.9934784387037796,5.078190725775974,-2.6956022768869574,-1.3802519568170335,-3.842700439169674,1.4917119415793743,-0.11027069383326979,-0.3490982109748497,0.6196979290626634,4.449411131025504,0.0,4.806982504199741
64.02664918752473,-0.8064163996662896,0.0,-1.8111658495310488,2.045796718874824,0.0,-2.1473576136624057,5.240805132971948,-2.6558255038364367,-1.3797801704526311,-3.9250710311833434,1.4997555166700656,-0.0013754845343515987,-0.3206411888545901,0.44420236780041317,4.404684376039942,0.15206193628088416,4.923351548287654
63.955840024624145,-0.21105460162888798,0.0,-1.8096245926580141,1.8523345382331564,-0.0,-1.9822424713773996,4.987295835415593,-2.7175361114949204,-1.4244969876149998,-3.6464206854026857,1.5442422349391927,-0.46339932262837313,-0.3504966971643082,0.5929159767480373,4.572118609761074,0.0,4.85960853479265
63.90255372970668,-0.5604340373273562,0.0,-1.5523411331096708,1.9135548395357351,-0.0,-1.6676441541737834,4.322959505411533,-2.2907593983732317,-1.4886322008708373,-2.8221958925472137,1.4993783059333186,-0.42369824976808984,-0.36427168168914187,0.7924954203789921,3.2502670325506795,1.4615077475885565,3.5873456350067117
63.986335349509915,-0.6658385989006367,0.0,-1.6668962530753249,2.110895287320411,-0.0,-2.032398076634552,5.090901557569084,-2.5042748845917537,-1.460830433460747,-3.884631727860044,1.4344879005808024,-0.12098122777434353,-0.31067843728358185,0.30591745909983137,4.41621851974603,0.0,4.818890452741069
64.06053945560923,-0.6212127952468528,0.0,-1.7054843276066276,2.0193086042237276,-0.0,-1.9960582065521852,5.076087539455644,-2.727508330622003,-1.4453240389329007,-3.784362417001091,1.4915852790941888,-0.00502218319725635,-0.3436563085884707,0.5041926596170972,4.409021853171102,0.0,4.878385952991065
64.13446786658987,-0.5525202710024472,0.0,-1.501388058502634,2.0914123850754254,-0.0,-2.272027753445204,5.082367927302104,-2.468774773711235,-1.2882633931197718,-3.747428106938653,1.3917933146222956,-0.0,-0.4039470092460114,0.09166246792154041,4.366001482552618,0.019463824201066907,5.073452344937577
64.00292601330959,-0.4655338817090021,0.0,-1.9041075675387158,2.077600162707053,-0.0,-1.9485288323116703,5.040733077160985,-2.6262055478532336,-1.372500507352836,-3.928974000020938,1.5029664699982834,-0.10073122034645,-0.3557224553325829,0.3768902989978112,4.245209361106001,0.0,5.165833119862692
63.768387228208624,-0.5663311701675814,0.0,-1.6899520547754254,1.811138749781402,-0.03421896233150623,-1.4705317616095037,4.42456207688893,-2.2470953287509006,-1.4245413905387814,-2.78837372406675,1.4577283434837758,-0.41485568798439487,-0.3743378715357332,0.9670301161298801,3.647192961128217,1.0243645320559307,3.2669019981974334
64.05425258301202,-0.574605418342292,0.0,-1.828101245744112,2.0169904095904463,-0.0,-2.0510348141190122,5.046992075224908,-2.7148508822031627,-1.3915605256452626,-3.7966262991299575,1.4492895656156175,-0.01057982668448117,-0.3450905813988228,0.5574592660889596,4.3615061991612905,0.1300341595386463,4.95982903263738
64.08134470686713,-0.7502299256405565,0.0,-1.741597454244951,1.9548915934874223,-0.0,-2.054994736177468,5.0596912906270335,-2.7349747737621515,-1.3697532530574283,-3.6906737239249354,1.5049747956756447,-0.0,-0.34439736254334524,0.5676097699980412,4.524988202911903,0.015883540060522214,5.006104722230213
64.08956988887256,-0.5127795843640692,0.0,-1.8539984022328564,1.9380981799111705,-0.0,-1.8732368247010158,4.801999556264283,-2.8241515719471555,-1.3578902569820934,-3.652089759823366,1.4575570805133162,-0.0,-0.34098565674892545,0.5549634147520954,4.576878086997941,0.0,4.97958017305876
64.07239398754369,-0.5309465991882628,0.0,-1.6136293204189092,2.0813883890763516,-0.0,-2.00192925491046,5.090268180916574,-2.7004863452359835,-1.4069896297545532,-3.898873723680193,1.4939832848206795,-0.09870050135449725,-0.34126296049344107,0.4949642453266687,4.390106952962666,0.0,4.8554487046910015
64.05523850446436,-0.6136436274715388,0.0,-1.7050685307328703,2.054534240548635,-0.0,-2.012908500501137,5.060739854393294,-2.7354148011633517,-1.40972991948159,-3.837970540431462,1.4773450179120038,-0.0,-0.34560100952018047,0.5094234609666866,4.439396317113136,0.0,4.875822761454512
64.05395199917054,-0.15026783248857206,0.0,-1.9451260073800105,1.9902031757275027,-0.0,-2.029449318428972,4.806180658754082,-2.6860190464603244,-1.432265659980382,-3.799206840879066,1.4887749732403694,-0.0,-0.3497997223149033,0.5716501261064326,4.44982070645894,0.0,4.928080239268376
64.05650830437463,-0.5469188764363763,0.0,-1.7300400726204965,2.0190953560734437,-0.0,-2.007785144456437,5.057245528206251,-2.7258786386734792,-1.4263387110034567,-3.8006615057154782,1.4886495084945701,-0.03321632568583455,-0.3448446202090718,0.48496989238456994,4.455965848253804,0.0,4.910635049845004
63.98708854197929,-0.6422732866452309,0.0,-1.5767797903944778,1.9230282656225894,-0.0,-1.985655802502745,4.940864268017285,-2.3504956306254274,-1.7067726479141796,-3.9539763480448,1.5044326714867524,-0.0,-0.349260341239007,0.21066107986692434,4.467046024591833,0.13419475728760671,5.177096120064421
64.02078907278008,-0.5627536523990312,0.0,-1.691538357884949,2.098019399759782,-0.0,-2.0635725379707344,5.020978982275547,-2.669545537409447,-1.3835878559066068,-3.7883063054823194,1.459107745057343,-0.09329366999292879,-0.34904177292262184,0.3760333634549317,4.433575064117662,0.0,5.051765413319519
64.09254382564053,-0.5521504191046543,0.0,-1.8823851900808095,1.8454139689520377,-0.0,-2.0556381394975407,5.066845526922763,-2.73714056609681,-1.4194914195185886,-3.814013386124068,1.5054109620524732,-0.03480422288242185,-0.33898705401613666,0.5373155937804911,4.53658314169369,0.0,5.078848646252806
64.05107692632043,-0.6286675053184915,0.0,-1.7186109458942935,2.0332984516264987,-0.0,-1.9882611178651903,5.053066455478668,-2.7291990829531807,-1.4193253685103402,-3.819555555109496,1.4779870836591857,-0.00792370395154648,-0.3464889283480478,0.5160680460608292,4.472750341088838,0.0,4.882796027591352
64.12865837483135,-0.4186992664564011,0.0,-1.5407719977478769,2.0653203371222166,0.0,-1.864923813594718,4.794310641630638,-2.5268617790582137,-1.4035334014061065,-4.165612288395467,1.4303965317647307,-0.0,-0.36297737961901533,0.12836749350729496,4.664874205820792,0.0,4.7000726987988894
63.98901563989659,-0.5986603911435997,0.0,-1.7546909687342656,2.1149261322658623,-0.0,-2.0224373105807087,5.0512124384272,-2.8156261755635046,-1.366965972298856,-3.73013103473223,1.4305466989636348,-0.0805026176945506,-0.36541482581974727,0.5740252172634974,4.53182615621654,0.0,4.768382585831369
64.01355750683518,-0.6573865421406998,0.0,-1.7203234534999785,2.1085176853050016,-0.0,-1.9906527346384324,5.085545446581914,-2.663207953065648,-1.4118748622935495,-3.830704306856237,1.4690173714591799,-0.045163295564338506,-0.3529288971784533,0.5410550148619441,4.499270523771267,0.0,4.708368146890985
64.07745422516729,-0.8082212414273973,0.0,-1.6772247269158802,1.9932167999579946,-0.0,-1.8784969176062758,5.113234912694125,-2.8280507407302555,-1.40226610032156,-3.828190767285354,1.4661186906276649,-0.0,-0.34264060049001355,0.5434915040119099,4.578489022902536,0.0,4.8310044503764376
64.055853117897,-0.6799538440884856,0.0,-1.7288363909722522,2.0619914875924135,-0.0,-1.9617327159100446,5.0413583878693675,-2.6792527350675774,-1.4096614386272717,-3.7847771208516714,1.4755703135162965,-0.0,-0.3597059962837987,0.4721552909478834,4.43895062785279,0.0,4.908275752774581
64.07672335882138,-0.7424532843635785,0.0,-1.6943086029387158,2.060134252097983,0.0,-1.8524590265047165,4.891439555003186,-2.4623243234574947,-1.6332744738606393,-3.704964030995644,1.4722941823247864,-0.3863846398341242,-0.32736646501787603,0.6513328974591011,4.337273434224676,0.0,5.105456594423011
64.0114888789739,-0.6840077280215031,0.0,-1.7646609939090419,2.1604008489534228,-0.0,-1.9791996025462497,5.036949705116197,-2.7037387009402347,-1.379534712599086,-3.90572055857836,1.4773077598243023,-0.0,-0.35347642750530395,0.5792635826932784,4.399004877123009,0.021270669429630077,4.821737248885484
64.00832316000074,-0.6475632105605529,0.0,-1.9059530032802554,2.0556720109000426,-0.0,-1.9263573305876172,4.99857881200035,-2.6422048282760735,-1.4686456112478163,-3.7611200075882403,1.4989321116609229,-0.0,-0.3580845988390003,0.5054366571885386,4.4617196298721185,0.0019378002377469323,4.858986871699762
64.02704612268931,-0.666571666444438,0.0,-1.7663514736954804,2.0235055561129345,-0.0,-2.0179308192213443,5.082915877786367,-2.7000698873041937,-1.4260877527723663,-3.7893051110952216,1.4566281944652668,-0.0,-0.33668025577363575,0.5574694633406374,4.433401078001392,0.007440980521030685,4.929348443754806
64.00364578458917,-0.620793044010729,0.0,-1.769809527579502,2.0138197399779294,-0.0,-2.0288652496879225,5.103000516979439,-2.6696899105063867,-1.3987832191609153,-3.7321670314296873,1.493110847159893,-0.05763980049694861,-0.35244433392563645,0.435224442049726,4.421794983026128,0.0,4.961023810358462
64.02999701107058,-0.5668436359050816,0.0,-1.7705388138352045,2.1225774090888567,-0.0,-2.040027044216357,5.009105452156599,-2.761388747584729,-1.4336249308147277,-3.8414188181126434,1.49382190880378,-0.0,-0.33456883332985665,0.4747071007555616,4.525973317626481,0.0,4.899589668248426
64.02791907851085,-0.6429835581791016,0.0,-1.64711237049534,2.0272553803133224,-0.0,-1.963051472821294,5.114697374715387,-2.673309911486264,-1.3642934929059949,-4.005496326333936,1.4989454305551735,-0.07730901329954346,-0.3544048549882407,0.35884860849404976,4.563042539337384,0.0,4.993631653309088
64.02890496193059,-0.5985871080047366,0.0,-1.7815466469930676,2.058662281945631,-0.0,-1.985162909398834,5.0229027358611535,-2.739014291898009,-1.41565916500643,-3.829427647456087,1.4577503191304122,-0.03152752960185491,-0.33813848789270096,0.6015113892219299,4.409518187585487,0.0,4.9427958666509175
63.991776741609634,-0.6342221909969676,0.0,-1.6940578098605277,2.1908589403738823,-0.0,-2.003046454209259,4.965203290558456,-2.8288986086391423,-1.4421310763217607,-3.8665102995126457,1.500409080777458,-0.022074081867963686,-0.3585408501076254,0.5918382075811943,4.431044790026733,0.03364348542991554,4.681093968210109
63.99716798387884,-0.3210363652594678,0.34135641512040266,-1.7154925994171284,2.3532300663210304,-0.0,-1.7573047730330533,4.012417699514796,-2.225898109439716,-1.2798088190159123,-2.653560915894336,1.4056576771559055,-0.37973750597024336,-0.4323876902874172,0.7402481708879376,3.4539663790089326,0.9256131654890695,3.5362309773021834
64.02045030484103,-0.6213984345723181,0.0,-1.7188226258916053,2.08366869139342,-0.0,-1.9491115140044053,4.999753228929512,-2.7125484801569404,-1.3827998115497115,-3.809577771301014,1.4912529057369783,-0.0,-0.3594764988406967,0.45763718088692734,4.442705986841048,0.0,4.917525305392416
64.09457881940901,-0.5990919981212347,0.0,-1.8947698974779172,1.967541520381117,-0.0,-2.139953318564878,4.991109750336504,-2.528424948551756,-1.4131245984943215,-3.7139877311210943,1.569303671825424,-0.0,-0.3391802770580638,0.5621468054234129,4.44913288238861,0.0,4.944182907810435
64.01734654267632,-0.3961931072024484,0.0,-1.7681145112482817,2.198032201673667,-0.0,-1.8694786190555572,4.995989278676603,-2.7834701724043702,-1.2986403154516974,-3.9938166914566757,1.4838370859735546,-0.1053435604523695,-0.3638655339700689,0.5332901959761004,4.526628387817913,0.0,4.699988157733552
63.921104631096554,-0.4700717037141537,0.10634026535538948,-1.527748559578985,1.7721250593598126,-0.0,-1.694363869454737,4.3448791407298355,-2.335949098425795,-1.4082114224432438,-2.8459166401838694,1.4881062775911944,-0.3714587639114101,-0.353079426801529,0.7885567761971585,3.496772406244205,1.0498775188352913,3.639868281111825
63.997053026104076,-0.7940959425263989,0.0,-1.8049949803999863,2.05129156306207,-0.0,-1.326053563433122,4.9049666635345455,-2.857259587809748,-1.4434086475870338,-3.876044568902667,1.4941642584540922,-0.10075958513565852,-0.3566703735508368,0.6549801334822521,4.344110808100343,0.0,4.714981708622476
63.945688265994086,-0.8699119276921281,0.0,-1.7952920524292548,1.980308792734713,0.0,-1.793597700636234,5.08932098648277,-2.643023469002052,-1.2521074514103436,-3.779102584195118,1.50101224707127,-0.10923674456437817,-0.36213845506630926,0.32669834996269775,4.717621675236954,0.0,4.594773159166946
63.99887003212803,-0.7595123960432882,0.0,-1.6719777333893984,1.962642571394651,-0.0,-1.8877719096242056,4.952213518157628,-2.7362690365000724,-1.378770715258702,-3.7016571626627113,1.4763487760313632,-0.060994868364112026,-0.3284624100048583,0.46688094940208547,4.5056371938899105,0.0,4.926378639555145
64.02970601035061,-0.5078181256536203,0.0,-1.6245558147991301,1.8995488046883788,-0.0,-2.076705605193592,5.003224893112905,-2.7174065925028743,-1.349937922849091,-3.779464118074622,1.437735427325056,-0.05881262977589825,-0.3528069168329146,0.5094555995602457,4.583284496136045,0.0,5.0040788476763005
64.01169183781784,-0.5303274125501454,0.0,-1.7045081248055645,1.967756406063851,-0.0,-2.0469557561866383,5.015840464205879,-2.6638020221366845,-1.4421584341196423,-3.778401332414587,1.4414911415396905,-0.0,-0.3494688651705806,0.4731068562797342,4.474372194263386,0.0,4.98565609628476
64.03715839657569,-0.6339095531706683,0.0,-1.7571263228996759,2.056493927577945,-0.0,-2.0374406527658238,5.069301315846493,-2.6487756671159297,-1.423186158143119,-3.905733834046787,1.489745551195077,-0.0,-0.3523784412474934,0.6220604316924581,4.401873107192419,0.0,4.9054480293288
64.06246428605102,-0.636040608815072,0.0,-1.7840228421658912,2.0350243980568927,-0.0,-1.9931634204546123,5.040115921686303,-2.7175408364288733,-1.4116712659126383,-3.791960588480595,1.4793848068702962,-0.0,-0.3472913266867182,0.5335303001021671,4.460085080118973,0.0,4.978951765991453
63.92089318355538,-0.6125565723418261,0.06443154424748487,-1.5685355998089259,1.915569390029106,-0.01701007297348141,-1.7068619440360602,4.31857401862195,-2.402048039079418,-1.3401331206445057,-2.6976605629885158,1.50314008216666,-0.22986404566989685,-0.35462980864125626,0.6996033559944789,3.4477090955891554,0.9959662775821757,3.731938457072407
64.0700219687934,-0.5290421872796406,0.0,-1.7079214147110007,1.9352550585321528,-0.0,-1.9955551660839461,4.8974234035944,-2.7346208351115617,-1.397472674899177,-3.656210906932716,1.4521700728097733,-0.0,-0.3346565501703542,0.40839474408888193,4.479625410112404,0.0,4.883847622450491
64.06240436159418,-0.7622494372048169,0.0,-1.7295788027817356,2.029873676090159,-0.0,-1.8032856025185224,5.080916878490732,-2.7570889257698656,-1.459379209391276,-3.839265007389957,1.5367882856291324,-0.032929195981475146,-0.3383034034293655,0.49886669586210347,4.280086571782322,0.0,4.9397870525279615
64.07400978419588,-0.591534874546045,0.0,-1.8103243482123244,2.129836627703695,-0.0,-1.8577456355965527,5.040903989433329,-2.7404113417377927,-1.4502774245774808,-3.996606043867483,1.4702543201005283,-0.0775549988935198,-0.3447838314463872,0.5045187681243133,4.14788438522534,0.31088662578652737,4.887992394706929
64.02576020071363,-0.5671219249759015,0.0,-1.8209320131084674,1.9838737025287752,-0.0,-2.060019944165116,5.0381165439037305,-2.7317893126031745,-1.376993733285051,-3.7668407572437554,1.4857272089001559,-0.0,-0.34970978405315917,0.6588510568882067,4.454352834255368,0.028305864066383288,4.812432441835028
64.04083927063037,-0.2509845072261713,0.0,-1.681589322679874,2.054083057846196,-0.0,-2.0658767156513997,4.940892001724578,-2.777825114040283,-1.3865318907682533,-3.84226737724935,1.4730230561797812,-0.0,-0.3451196367042442,0.3601645153787539,4.600580588103829,0.0,4.671359201322271
64.43021679353441,-4.451592840436368,3.0230965201998097,-2.0140375085256608,2.9568251080362358,-0.05390126983504653,-2.4741292077061954,5.592484125767753,-3.6192879286229585,-1.3566333786745262,-5.251376368028005,1.433666929140623,-1.7551666010724802,-0.368986164786818,1.298400678104278,5.2306369916365565,-0.26626022266090077,7.5711622287837566
64.04095185949642,-0.6091539591180195,0.0,-1.7448673263933658,2.01538688838782,-0.0,-1.9878993043747553,5.048551593912838,-2.745042588890015,-1.408952329467509,-3.7995337434811245,1.4683036875773299,-0.009599617614786058,-0.3484011795986685,0.5578954658369272,4.446174244058192,0.0,4.9258749751721975
64.03055593596426,-0.6057452025640673,0.0,-1.760288536048368,2.0079261831165236,-0.0,-1.9985798688086813,5.049446251178782,-2.736738233829829,-1.3780168890463946,-3.777901849345583,1.4834848712082043,-0.0,-0.3469521651995822,0.541245409068057,4.41777617067887,0.0,4.942712545400557
64.07808702560123,-0.642218656269297,0.0,-1.7807182551786696,1.9838739298241996,-0.0,-1.908112681530414,5.124432868302124,-2.7471395324613583,-1.3613051237416065,-3.8084152479269604,1.4513628394081297,-0.0,-0.34938779873180625,0.5090124017361195,4.5242965287099794,0.0,4.801397728246587
63.92458734499579,-0.5064773292702701,0.10482842742088944,-1.4598571200013095,1.951465663694601,-0.0,-1.781767719443546,4.350060528715594,-2.3825376254805053,-1.3782111347660266,-2.776055887148108,1.4967913260633763,-0.33057857540740615,-0.35254805805997,0.7838297364980624,3.481108918103473,1.1456795077892687,3.4044301772698433
64.00074866282701,-0.6553101768993586,0.0,-1.777651256152887,2.0533814556207646,-0.0,-1.9817449694238023,5.115099469473712,-2.6585756768014073,-1.3513309094755455,-3.865740368015341,1.4976192258344456,-0.09340812550661934,-0.3602377753172616,0.4892635305916823,4.47450391231577,0.043260367947969926,4.9031627339629305
64.11768198100904,-0.3651072397737446,0.0,-1.627680769789416,2.130156728495028,-0.0,-2.0246581304356686,4.985117652597498,-2.7479087795872497,-1.5193133878408431,-4.168025929615663,1.451715905027596,-0.0,-0.34316737668223474,0.6394567208499707,4.24042524416113,0.0,4.941317613426082
64.04145777133239,-0.615653148180854,0.0,-1.7381020948758952,2.0523039245589807,-0.0,-1.955902759275186,5.04585924654493,-2.729032313500311,-1.3901732549124763,-3.8597038339911536,1.480534359356995,-0.09680964954525337,-0.34460594885093065,0.5213487970465254,4.452389746445231,0.0,4.9156263333194214
64.02836907898242,-0.6626331178030219,0.0,-1.7367614149817379,2.039630432606488,-0.0,-1.9566577643932312,5.0005477928172315,-2.748039529868603,-1.4485401511314178,-3.813451643486932,1.4881981475692467,-0.0288866146461114,-0.34736108718237363,0.5705313933102294,4.482548527265208,0.0,4.872868010434957
64.04952890301112,-0.615436160682782,0.0,-1.755621238417221,2.0276569472177752,-0.0,-1.998192228199098,5.054531571647235,-2.7363475147401943,-1.400895097441857,-3.810466076912161,1.4786375230177482,-0.005712954058236896,-0.348982086740788,0.5343033675815936,4.4729522626397324,0.0,4.900907410883333
64.06086407267159,-0.49588117927092046,0.0,-1.7172061769100935,1.98830421605692,-0.0,-1.9577454079264287,5.093483014438446,-2.5909735282654327,-1.6262642748422373,-3.7749916370022736,1.503491085368067,-0.0502014983139249,-0.3320171734673978,0.48613567416180187,4.3296959643905195,0.0,4.939291673790783
64.04490287430163,-0.6236926732014072,0.0,-1.749673558866089,2.034794763242798,-0.0,-1.9895057022023546,5.043466537291335,-2.7396213493133894,-1.4050690800114147,-3.807607109522684,1.4770574065201236,-0.005480579754932257,-0.3476223136374009,0.5335933416529649,4.474895668500816,0.0,4.8947052227096
64.06068261887836,-0.6001240249178089,0.0,-1.7531655631299292,2.057067039198204,-0.0,-2.0073568681228995,4.999539698736132,-2.7329846617556974,-1.4207020947410538,-3.7906090983090683,1.483084900091403,-0.0,-0.3449117496090993,0.5447500612696122,4.436825404687914,0.0,4.894018524923333
64.02067778295765,-0.5960424043307974,0.0,-1.7343267354614356,2.038436832752197,-0.0,-1.9221368647756067,5.013789797510814,-2.8115151765229536,-1.4829166398237865,-3.7589640358979333,1.504640608833042,-0.09762475336427048,-0.35601521864147057,0.6417372104480926,4.455714104576332,0.0,4.912824810454354
63.92810717502453,-0.6917830570703548,0.0,-2.0654701112186746,2.1677847151030094,-0.0,-2.169504451911138,5.090865356518565,-2.44516401446139,-1.3873954255409786,-3.6937623675080427,1.4841444875274008,-0.0,-0.35990466189668346,0.19276914178525897,4.328250749750894,0.10103752619385403,4.884145457351376
64.02751017212941,-0.654336498578186,0.0,-1.798070485690505,2.163016060667423,-0.0,-1.9365405936165663,5.028537722078461,-2.779182631208084,-1.3917345216788635,-3.8658665486993025,1.4946938197889403,-0.045395398739519845,-0.349694729238666,0.5168742326398544,4.510328844084374,0.0,4.939439340211853
64.05701405386297,-0.5763487235350484,0.0,-1.7735110755290087,2.0494342815684696,-0.0,-2.010707960301472,5.0296239282443125,-2.7404342123504,-1.4090955021941698,-3.7751220204548748,1.473574062875402,-0.0,-0.34659199752461384,0.543044316646194,4.458431614582378,0.0,4.912833877884864
64.11374534220167,-0.19759383268913397,0.0,-1.7501080150222674,1.9643620032743896,-0.0,-2.1811882417634973,4.875606751946215,-2.764353227105501,-1.3908186864637213,-3.774251353495678,1.4778773517710408,-0.30261460396354756,-0.3323125717133323,0.7685162677072358,4.692011413065473,0.0,4.701290578566341
64.08774185997332,-0.6298128933097246,0.0,-1.9375673880175774,2.1144533366458105,-0.0,-2.01415288941666,5.065758269834386,-2.7337345424179427,-1.362149899596523,-3.899976501494908,1.4804153229482897,-0.0,-0.36304397841083536,0.5929598814537935,4.502041515845665,0.0,4.90573149444704
63.97436338118758,-0.23794056272673086,0.0,-1.7137260084079298,1.8145189592199118,0.0,-1.8408321478611986,5.019579970909667,-2.885769001836747,-1.2718239801453988,-3.698411949353907,1.4950016083686768,-0.0,-0.35068023915625773,0.5081650191047047,3.87760800046363,0.5220842022874786,4.738337688002055
63.92527844321396,-0.5781709457061591,0.0,-1.4303277456772365,1.9154613794137387,-0.0,-1.8559515947131864,4.996897740804587,-3.179398077034664,-1.3645300126817181,-4.029006904213458,1.4886750649044185,-0.10129670260057819,-0.3376659393698492,0.8903242164515682,4.518503777488895,0.0,4.4329078415175776
63.998985045249285,-0.5079998819264705,0.0,-1.7821283777927772,2.109238569791071,-0.0,-1.9927863333744515,5.121129807734323,-2.813186400946226,-1.4625833450165668,-3.8336395709888778,1.4424288125735074,-0.04138877617288977,-0.36283362803809194,0.5686617475776503,4.363213513645083,0.0,4.875307108751435
64.036777779187,-0.6000807577382198,0.0,-1.8294680402183832,1.741325583300704,-0.0,-2.021510734264035,5.111855644847129,-2.7856343722485333,-1.3262580817649303,-3.6598077967433422,1.5079230206598966,-0.09444048460225256,-0.35275342353718236,0.7749615801530271,4.7220715250296985,0.0,4.842734929747664
64.01040885762667,-0.5251950295831574,0.0,-1.808975663519271,2.0631344126080737,-0.0,-2.064242734616318,5.08583202657203,-2.656590556639849,-1.3759728383623753,-3.8209487078203828,1.498074614048991,-0.0,-0.3557478941535208,0.50025793875949,4.624294246482282,0.0,4.666084165158483
64.05080657134899,-0.6770182817997445,0.0,-1.7282280805854962,2.0478720878104766,-0.0,-1.985314953611192,5.047439259149211,-2.7384752213229544,-1.3818820712531374,-3.7929914003995404,1.4344626432676513,-0.04855749935171548,-0.34576439232694817,0.5412252579461131,4.448672034750944,0.0,4.975833605162196
64.00131978704671,-0.7754547605450225,0.0,-1.6968085693538828,2.1427923831548528,-0.0,-2.057595638992046,5.00617157419313,-2.5161427998578967,-1.4429461707476756,-3.7498117874728245,1.5049140971611188,-0.14599641510293396,-0.3498733632671445,0.2978534741823135,4.553101480114454,0.001884556477901001,4.893602404253585
64.08668500731459,-0.6738587315953501,0.0,-1.8519987574479915,1.8709032989194736,-0.0,-1.9963909768239483,5.044264158990455,-2.680807434944568,-1.361730466990828,-3.543475502701866,1.5762220245809526,-0.0,-0.38114670675122536,0.5865052621098753,4.5571347555473105,0.049110435978702516,4.722807458093281
64.01198534017585,-0.696739981098377,0.0,-1.7880540518894685,1.9938096032578052,-0.0,-2.029543673768473,5.035010861352323,-2.795267690870751,-1.3645602327046538,-3.695317135420733,1.4979156623932277,-0.0,-0.33264647637805894,0.5833058660505743,4.432939761270309,0.026881914592258357,5.012252753090046
64.05385948960371,-0.6210331399718859,0.0,-1.775330950003277,2.05189668650785,-0.0,-1.8685386318142845,5.058371411811407,-2.7730809593276775,-1.423333438645451,-3.8755977882415045,1.4811882328328547,-0.0,-0.3561387217228893,0.564262457942286,4.433082398080551,0.0,4.8492849095160615
64.04830231231597,-0.6368249916040546,0.0,-1.7429760643214347,2.0412586505654295,-0.0,-1.9884333395828557,5.052155415695901,-2.738984484988642,-1.4042825671387142,-3.8074147757522585,1.4763746948104617,-0.013685595165318367,-0.34714104430580206,0.5386002036284171,4.464786824062911,0.0,4.894363031005166
64.0267889395007,-0.5643082042818973,0.0,-1.7860429092559245,2.017308887867483,-0.0,-1.894262670724084,5.050216704482944,-2.6062340191140723,-1.4216746935129618,-3.831664932164345,1.4789995983037494,-0.0,-0.34924671521159656,0.42594634660710334,4.650916249271083,0.0,4.716071990116972
64.06659543070765,-0.6002800850766001,0.0,-1.716640033517321,2.0954018344008385,-0.0,-1.9795836486991663,5.063453197825585,-2.7800984921784924,-1.4336465252265906,-3.767522367488298,1.4736507758766484,-0.0,-0.3639298128233191,0.5296755416435974,4.464168213637083,0.0,4.875605196243885
64.08085843372682,-0.9306727938022624,0.0,-1.7173353384615704,1.9208233808083164,-0.0,-1.9296295753596555,5.1242368235756155,-2.749812347322556,-1.4189967611693817,-3.7279414612326787,1.4491239839024523,-0.02386811621285359,-0.33159263339080486,0.4924956977571476,4.432931315421214,0.03299479276761006,5.111538634594711
63.95641522129967,-0.362156966974441,0.0,-1.3847729349964215,2.01148415321413,0.04052364875698259,-1.8948480446716063,4.6741220435167925,-3.0036481494385323,-1.5202524761582228,-3.4632882769097297,1.4387356488201362,-0.0,-0.33207322431750774,0.4141961437944739,4.355411015657553,0.07769391891646527,4.963739300286854
64.04116031150896,-0.604086277047294,0.0,-1.7387215210625497,2.04511653711547,-0.0,-1.9917131062993751,5.031353074226976,-2.738157897617141,-1.4178192455125023,-3.8140066228113425,1.478159252953661,-0.0,-0.34790300674563257,0.5288597285056368,4.455675638164032,0.0,4.897463043412982
64.14075452495814,-0.18069386699093942,0.0,-1.6135562254743825,2.0245491973751686,-0.0,-2.2050150957486863,5.00197184255831,-2.7728531484312424,-1.4545958958786707,-4.0441369882678035,1.4427224974257347,-0.19383096293519883,-0.3245442836195593,0.4176520589786775,4.4847698416886494,0.0,4.926722654760761
64.1229302347209,-0.4974589545749339,0.0,-1.6253940665445679,2.0502725741555103,-0.0,-1.9663365827128048,5.048237196701872,-2.8454140456549104,-1.3955869259594755,-4.066746218466289,1.449767907374822,-0.0,-0.3311458843027757,0.4643854609732015,4.481235917865443,0.0,4.910597821350742
64.06935244146085,-0.6404982111630028,0.0,-1.689427973613333,2.1578755627927153,-0.0,-1.9058468861163476,5.163292718544681,-3.1552758762463333,-1.2590384663249927,-3.972633128448343,1.4708637752580744,-0.0,-0.3472124851746171,0.7683485402463797,4.6078397385666925,0.0,4.470667387408281
63.923928641748645,-0.5720577561764145,0.10948337622515057,-1.4652777856991728,1.9177353686922145,-0.04022862807180007,-1.7005876360565717,4.220524127138269,-2.32383925475901,-1.429322193589008,-2.854667415394683,1.4737000452614808,-0.3828679511717108,-0.3655287752520519,0.8530031892667661,3.521470454957747,1.1394939163821092,3.6121283324282296
64.14385966004245,-0.4563441643757209,0.0,-2.3136863687958997,1.9201163384990403,-0.0,-1.5823113078647448,4.820736055446567,-2.97509255571821,-0.9983031774773375,-4.035585719198147,1.4824242970138666,-0.0,-0.33149011092311687,0.6155314689882363,4.452039051958751,0.0,4.683826741662834
63.96732308727777,-0.45413041388744,0.4042703254167364,-1.4996163813910124,1.9073073703643073,-0.2868548373550578,-1.6454471803943387,4.0186006855365815,-2.261341215076361,-1.4642428313409603,-2.8424714066306573,1.4688732107056588,-0.258906901721438,-0.35933845660280284,1.1628680887263743,2.9795337350459437,1.1783430240064605,3.368939738365094
63.981428374512625,-0.34156427203124196,0.19498433342251656,-1.4927659552412194,1.6229156987858415,-0.18158501971930868,-1.6410264944435402,4.360362051123522,-2.1901967281581607,-1.5028822469587866,-2.905011069769425,1.4634904883013244,-0.0,-0.3537162386236956,0.7213674401560377,3.597906413770911,1.1908502875507876,3.5221910714087414
63.94296789038415,-1.1510111150066296,0.0,-1.724512235231105,2.1239189516016106,-0.0,-2.1115045671436086,4.985113418506761,-2.646173613044493,-1.401058579990458,-3.410722260808167,1.4132638666245911,-0.10820514092445438,-0.34040308047140827,0.13940746753574532,4.6126868181404355,0.0,5.297273716305782
64.05411787329274,-0.6356724350523212,0.0,-1.7163715771462966,2.0169090648613017,-0.0,-2.037632605141071,5.046397189564288,-2.7359850684200295,-1.4089717278051448,-3.755772533823727,1.4721823260401412,-0.0,-0.3507304764552473,0.5239727525503414,4.499556283646517,0.0,4.888587740155269
64.04127514514757,-0.6086877878765122,0.0,-1.744360211885438,2.034431530892727,-0.0,-1.9939480287284264,5.045200178968503,-2.7261644041842787,-1.4011165111635817,-3.8103616221019916,1.4673536091116854,-0.013507356816103828,-0.34538594852754656,0.5219752253961626,4.453485376361373,0.0,4.898895156054536
63.86176774522647,-0.5740036351763951,0.08121328686485699,-1.5415713375310611,1.8906026921967394,-0.0,-1.6319093117301187,4.259273722021469,-2.3190489845739006,-1.367193447028436,-2.845992175602591,1.5046805227311804,-0.3490276144223952,-0.36841361327253797,0.7724132285845914,3.5008480341657546,1.0245126173033274,3.6655125451810524
64.05930715586885,-0.6096417545724476,0.0,-1.7570641692386955,1.991210939987131,-0.0,-1.9423377547918244,5.051534588268717,-2.787496608079127,-1.3999730690040744,-3.7870069510405724,1.501706708690699,-0.004825761344376517,-0.3428552790726482,0.5723274621686969,4.37177881017167,0.0,4.896259099764627
63.958771082215556,-0.4447868909898401,0.15399950804500884,-1.54213811975908,2.16706980626146,0.0,-1.6154500916705894,4.2183810263253205,-2.2904704170899137,-1.5726156292599114,-2.6710063109911695,1.5009681667899217,-0.5914240815389172,-0.3450353598915182,0.9157594538841378,3.3616668291472678,0.9123724353840683,3.607458131631044
63.95196212538568,-0.6778440326781814,0.0,-1.6666008028962702,1.9665690408805607,-0.0,-1.994704748628683,5.036913529271593,-2.6049925615293836,-1.417578477410248,-3.587037758355655,1.5164421721699752,-0.006407776925684512,-0.35990721238218787,0.46998727737079865,4.275045182280372,0.0,4.988566328558283
63.935868361192476,-0.30158678889187324,0.0,-1.7993156377717159,1.6066777652379642,-0.0,-1.8785779955662887,5.1157594304856415,-3.156518198480513,-1.2170015264895109,-3.3076703355331536,1.519435659859682,-0.0,-0.34516974079513224,0.8049624331010578,4.41578926065412,0.19724988753912323,4.663111993191068
63.984336835378805,-0.8441608511191342,0.0,-1.6635910770126143,1.8894637249644628,-0.0,-1.9366604930892615,5.2378378931508385,-2.6777841810099545,-1.594421133497142,-3.822610649153546,1.3654482412330917,-0.11271507728831397,-0.34761958531681314,0.4611391698580022,4.544194980669736,0.0,5.266183624424929
64.01765097686646,-0.5566824141143107,0.0,-1.7592758255435592,2.010019280067488,-0.0,-1.9413919000167392,5.0477250127910835,-2.7082713281861532,-1.3823409631779688,-3.8494427867654832,1.446227706575042,-0.0,-0.3537081837301655,0.508299888058874,4.4296623730466775,0.0,4.852544523792765
64.1189875943597,-1.1224993386711517,0.0,-1.9781383947568978,2.1777829889920723,-0.0,-1.8962205293476777,5.218380333412568,-2.668468111546505,-1.4129570609310738,-4.091766571018928,1.451583529874826,-0.2734429283199445,-0.3264183850464821,0.6788450829550856,4.584628727208608,0.0,5.077791406300734
64.24630487474691,-0.0,0.0,-1.7349501384348722,2.02011193570854,0.0,-2.281666713439186,4.478822983534646,-2.4639723476264694,-0.7756579778639243,-3.941491955539324,1.2396824886236157,-0.0,-0.34141114874106093,0.48821000400884346,4.298722251919053,0.0,5.322118425294574
63.88211120191844,-0.5626168370743913,0.07290622393026425,-1.5653049938848267,1.9156644322678842,-0.0,-1.6906814584259402,4.322146134330544,-2.3347038154109994,-1.397774038102445,-2.86261218968544,1.5024315268752442,-0.30966724645664856,-0.36200378419691953,0.7485840590889383,3.5417669736730524,0.9986476250763098,3.6677088778456595
64.18954501081049,-4.2237485924492635,2.322877490760201,-2.449054559671694,3.013041339594621,0.8307977149627712,-2.483328045142764,5.982304210198948,-3.7670423506225656,-1.5766427430074959,-5.203942553024527,1.5024430257356178,-0.9762430592266904,-0.25329995880828593,1.2310822802033297,5.137569497186839,-0.7319545237460504,6.8922005427756625
64.12411501146063,-0.7449464446278935,0.0,-1.7327884257173105,2.178690616065578,-0.0,-1.9434526531504144,5.145069057947799,-2.4274899688804448,-1.4661452787156783,-4.114883463981993,1.5850842894673725,-0.0,-0.33469038190727046,0.40309273332709994,4.440004764048355,0.0,4.6379033086971475
64.00006991941106,-0.6445576925352281,0.0,-1.4732731260174088,2.163723268544788,-0.0,-1.9604479234920071,5.033513877865897,-3.125166285799756,-1.4402249671219878,-3.851510837146918,1.5025997846600143,-0.0,-0.3469149666466561,0.6541394294136097,4.639306553473191,0.0,4.354679478390099
64.03145885095667,-0.6586233992119325,0.0,-1.6535403483514566,1.950441645349591,-0.0,-2.06082683784525,5.021358533775454,-2.54112198919557,-1.3693128374773673,-3.7547065406351923,1.46991977660651,-0.2804648871368307,-0.34614824094088636,0.31947961827236054,4.580551063770108,0.007511903153261175,5.127922645370934
63.85255160124764,-0.6113194439964635,0.3143350501862122,-1.4943357278157956,1.8772509871987595,-0.046539715535855966,-1.5937456378236956,4.048045358051318,-2.1821750720669675,-1.394352638572932,-2.570397450386688,1.501856199049027,-0.4257221347596802,-0.3571483689595206,0.8453575026177963,3.2788566625952584,1.1960715538629467,3.2701614546718467
63.86200451230886,-0.6008545741172423,0.29163348309387305,-1.5062890122073727,1.8697261248967316,-0.05727785764293346,-1.5621951544048884,4.014650845450098,-2.184658307080501,-1.3659867175933929,-2.6093170618012964,1.4963146614846172,-0.38313546271133037,-0.3600180624634851,0.8233242278546329,3.2648934762234125,1.1670658316793907,3.345030628404876
63.99959731336276,-0.5749417296821822,0.029077091589643608,-1.5047658314813828,1.9738545401719654,-0.0,-1.6595815537362206,4.432070955229854,-2.5272188403878033,-1.3936126804719755,-3.1254263962372137,1.4742230599524995,-0.19860616189904073,-0.35187657479072126,0.8633386378771467,3.477127255836641,1.1101135261605617,3.786467727650309
64.06800195286398,-0.6609674600310531,0.0,-1.8142246512019304,2.063966971165061,-0.0,-1.9462831280607085,5.038625626672411,-2.7973647772815347,-1.3209446312643243,-3.7982431006721717,1.45370331276589,-0.0,-0.344837411979011,0.585947315383558,4.393393883955635,0.0,4.858399007594609
63.937892094242564,-0.7660545348580254,0.0,-1.767365091630954,1.9764730326301259,0.0,-1.644129193242169,5.076135479320376,-2.7576286569692994,-1.460395179716881,-3.9294057536579676,1.486170140212708,-0.0,-0.350937639928149,0.6388485610528577,3.529069782405423,0.6962922224798376,4.867204628787716
64.07683192866281,-0.7438581428907548,0.0,-1.6135670535435565,2.0988994709704953,-0.0,-1.9407510060654758,5.024901712857008,-2.6113046341516193,-1.4962773662478424,-3.779997063728437,1.4805877841428046,-0.1607800911044152,-0.3751062182426344,0.7750858765708459,4.380490599575889,0.0,4.697298722676893
63.85686082593134,-0.6554641730483514,0.27440638192916733,-1.5011900130530231,1.8566282717210043,-0.06829512802002818,-1.5206115297315401,3.981502344766491,-2.214106229375227,-1.3992744249455376,-2.5773165303052386,1.5084548468094898,-0.4114092972759355,-0.3648101856486075,0.8679419456406853,3.265645837267648,1.3111640705454903,3.298173981474417
64.02633487403399,-0.6708407345238636,0.0,-1.7499725376088533,2.030690539073357,-0.0,-2.0049578845795093,5.071666882961602,-2.7447186107586936,-1.4203943252324998,-3.76990036339243,1.4397066409589252,-0.0,-0.3497772136305569,0.5138715947450879,4.487930384739066,0.0,4.935242866359294
63.87778836059337,-0.5012155881164686,0.08067933187856312,-1.569499260743662,1.9267559474892149,-0.0,-1.6766578358038091,4.323744093638246,-2.3482518529548004,-1.3932620144444234,-2.89270391692459,1.509948102544448,-0.31560959155956225,-0.36308740975583087,0.7076726877480007,3.571935864149851,0.9573048205470146,3.667676160989841
64.00771541921408,-0.5755752482227664,0.0,-1.8166079152353358,1.989389480350668,-0.0,-2.2478137982640916,4.991807216049487,-2.59961515269066,-1.4158217195189389,-3.6840069209096065,1.488635551242131,-0.0,-0.3591645081056757,0.6614002224918422,4.735807461109517,0.0,4.878108473503119
63.93321193341055,-0.7025505169739263,0.0,-1.5124389653567583,1.9893863426033298,-0.06857254753801845,-1.7263296819545901,4.451640529199955,-2.2439555889255094,-1.4833052560753452,-2.860059964756805,1.4966123787313137,-0.34431510842199575,-0.3581380517191941,0.8433478701147725,3.5358443985557533,1.1009487410929595,3.4801590276662306
64.08260156543471,-0.5896461559838322,0.0,-1.6905746419358367,2.0337869464061504,-0.0,-2.0359132649135785,5.06912318743308,-2.6955397749953707,-1.4326022381738925,-3.8908315016252355,1.5174148503613267,-0.012261522444575026,-0.363661902170064,0.5323988605627892,4.442293350544814,0.0,4.959507145734666
64.17256176728444,-1.1087506224317278,-0.0,-1.8277064555391918,2.1970800167596147,0.0,-2.018757145358817,5.021357033043657,-2.933825398517812,-1.116419166900639,-3.9162219061763,1.4340550051161676,-0.0,-0.4367980628806866,0.991550040568986,4.22895502143916,0.24086306776055144,4.859336190598487
64.03895281486281,-0.6339944017609562,0.0,-1.742384988677041,2.0119731968529755,-0.0,-1.9976986818080325,5.049523682306063,-2.721155661333273,-1.4067933513301014,-3.8104842234174785,1.4777161674265205,-0.027587120053248315,-0.34851529295510014,0.5514359528274047,4.450931285702812,0.0,4.934865936514157
64.04385833607022,-0.6166137771899239,0.0,-1.7494261499277342,2.040042272886389,-0.0,-1.9972988602899093,5.040063605476334,-2.738353577323155,-1.4039817934849077,-3.808561384253594,1.4768954414884063,-0.010607720132174972,-0.34630042162924934,0.5401968088326293,4.467015952893891,0.0,4.887669436113393
63.84647389259052,-0.5631886838218775,0.0648891875815547,-1.5571536789770457,1.885094364770042,-0.0,-1.5360765623273471,4.295044902100734,-2.4016306447633546,-1.416656313922781,-2.797972146598026,1.5080199489505317,-0.3115887761857695,-0.37564006287728025,0.8539553961347592,3.6392854870583293,0.9125558952803339,3.584197271825062
64.07502400735805,-0.7437395879246271,0.0,-1.6285722760171075,1.89090686479524,-0.0,-1.9911334818088349,5.104016119086868,-2.6301787393673997,-1.031616411943527,-3.6718506898707637,1.4615470615396466,-0.1268786304404881,-0.3309701623185619,0.29033005364285164,4.153946684856246,0.1851447296891199,4.586483119355139
63.86619945091944,-0.40910961224834336,0.0820185781024819,-1.56806944417379,1.8752119585904583,-0.012435727956078722,-1.6439121870588584,4.331954943500483,-2.3459086383006156,-1.4229461483244243,-2.945770026203377,1.521600400348063,-0.34264280552168974,-0.37588504597365746,0.7095566851876421,3.52940624483788,1.0643155281477066,3.7011250307828045
63.89102941789101,-0.5554114400387957,0.38775476710912044,-1.5534196563805955,1.724120169534273,-0.15754909152377145,-1.621270193560303,4.231790746789008,-2.2706979468629944,-1.3323612389139554,-2.5930904324813255,1.5215404865608868,-0.4969037533378389,-0.35654126078670423,0.9178850816931312,3.344756284041499,1.3100804456479933,3.1995878256521957
64.12431123358972,-0.1911458091422367,0.0,-1.622693470836907,1.8300747871039968,-0.0,-2.100887826830505,5.041749470353107,-2.8669169974286475,-1.6260355115463625,-3.6060342869441335,1.4505784282215903,-0.16649372009257718,-0.31897945239317316,0.5263257751531892,3.5892094122507365,0.4746645269264087,4.918684042279195
63.86575930440356,-0.6517118725023724,0.2801443775985832,-1.4631435754951765,1.9081969696225034,-0.13050646313996506,-1.5676541470569207,4.000723450856963,-2.265100102043963,-1.327075686882188,-2.5694335603193807,1.4816053038509442,-0.4432221177395508,-0.3605860636187609,0.8733050844103488,3.3080440245289733,1.19929526641598,3.3567904246522313
63.87420459440914,-0.5850192815701329,0.0400451737979968,-1.5452024461752845,1.9312445493069528,-0.0,-1.7179626811097892,4.333993414774241,-2.368791503958482,-1.3809746470373423,-2.884037604711362,1.50525625105617,-0.21620279936223505,-0.3660797368643104,0.7493456260594035,3.583309838728633,0.9815540173905907,3.641859731765415
63.98543309192222,-0.6754839433849635,0.0,-1.6238816336989392,2.0498659403852413,-0.0,-2.030381771372785,4.89577875028684,-2.65956348316856,-1.401928122323686,-3.577290340568008,1.4963932238626867,-0.19015488601645347,-0.3599433116699737,0.5964789599491427,4.453162026819623,0.015301161084797224,4.88968705222606
64.11216852085282,-0.6967572537378485,0.0,-2.0299015776443494,2.09333572812406,-0.0,-1.8271808615346772,4.883505003830062,-2.879327284639997,-0.9110073630782107,-3.8084453003768366,1.4286390492214802,-0.0,-0.3341030875653665,0.6942846744761069,4.389211467997933,0.0,4.672783933038081
